signal_date,execution_date,symbol,side,qty,fill,fee,regime,bootstrap
1993-02-01,1993-03-01,SPY,BUY,12.206681952683674,24.576703248505968,0.15,BEAR,False
1993-03-01,1993-04-01,SPY,SELL,0.15101233829205296,24.945871826808652,0.0018835672176501107,BEAR,False
1993-04-01,1993-05-01,SPY,BUY,0.25287268389059686,24.31816923120231,0.0030747003603999305,BEAR,False
1993-05-01,1993-06-01,SPY,SELL,0.36780617591662346,25.192057692251854,0.004632897201629057,BEAR,False
1993-06-01,1993-07-01,SPY,BUY,0.0754290612728309,25.063285921963683,0.0009452500647531395,BEAR,False
1993-07-01,1993-08-01,SPY,BUY,0.04679736726497199,24.941796902983235,0.0005836052149586238,BEAR,False
1993-08-01,1993-09-01,SPY,SELL,0.3734002054130058,25.925145825518396,0.00484022738830535,BEAR,False
1993-09-01,1993-10-01,SPY,BUY,0.11834603359645239,25.638620815750944,0.0015171145402137825,BEAR,False
1993-10-01,1993-11-01,SPY,SELL,0.1829520525433487,26.13464169542926,0.002390693170331883,BEAR,False
1993-11-01,1993-12-01,SPY,SELL,0.05743082583703996,26.208082835388183,0.0007525759204209476,BEAR,False
1993-12-01,1994-01-01,SPY,BUY,0.028184272996320477,26.218567469507985,0.0003694756315665302,BEAR,False
1994-01-01,1994-02-01,SPY,SELL,0.29797760770173326,27.086951622907947,0.004035652522263345,BEAR,False
1994-02-01,1994-03-01,SPY,BUY,0.18999666230174753,26.493602384565392,0.0025168480127085217,BEAR,False
1994-03-01,1994-04-01,SPY,BUY,0.8155902661694923,24.530447076154303,0.010003396930048666,BEAR,False
1994-04-01,1994-05-01,SPY,SELL,0.445625903627407,25.510676244382093,0.005684109076774498,BEAR,False
1994-05-01,1994-06-01,SPY,SELL,0.19794902323663233,26.026345952031317,0.0025759448798116395,BEAR,False
1994-06-01,1994-07-01,SPY,BUY,0.21067045540453788,25.458168792758364,0.0026816420066679996,BEAR,False
1994-07-01,1994-08-01,SPY,SELL,0.24889944448494022,26.159815058073452,0.003255581717891628,BEAR,False
1994-08-01,1994-09-01,SPY,SELL,0.365116145229493,27.214117824248497,0.004968156897905424,BEAR,False
1994-09-01,1994-10-01,SPY,BUY,0.25776867380370805,26.481694668619394,0.0034130756574023736,BEAR,False
1994-10-01,1994-11-01,SPY,SELL,0.19863720809646795,27.088777286874674,0.0026904195455058994,BEAR,False
1994-11-01,1994-12-01,SPY,BUY,0.2207627089982317,26.367878603159348,0.0029105221554849834,BEAR,False
1994-12-01,1995-01-01,SPY,BUY,0.0004788928310985459,26.403977838246014,6.322337849610449e-06,BEAR,False
1995-01-01,1995-02-01,SPY,SELL,0.2805803433007186,27.232585205350034,0.003820464052941592,BEAR,False
1995-02-01,1995-03-01,SPY,SELL,0.38707730220272374,28.432374662265,0.005502763439743308,BEAR,False
1995-03-01,1995-04-01,SPY,SELL,0.18490103194775007,29.08557848681491,0.0026889767385046776,BEAR,False
1995-04-01,1995-05-01,SPY,SELL,0.23969397615268087,29.929295641507473,0.0035869359378810136,BEAR,False
1995-05-01,1995-06-01,SPY,SELL,0.3429672449725362,31.190987083977138,0.0053487434540828,BEAR,False
1995-06-01,1995-07-01,SPY,SELL,0.1569794594793253,31.81151540845384,0.0024968772470186557,BEAR,False
1995-07-01,1995-08-01,SPY,SELL,0.25032827892217197,32.842698377521124,0.004110728080002437,BEAR,False
1995-08-01,1995-09-01,SPY,SELL,0.06960989220508497,33.10976299567624,0.0011523835165324673,BEAR,False
1995-09-01,1995-10-01,SPY,SELL,0.26624567536311133,34.33909683823519,0.004571318014527604,BEAR,False
1995-10-01,1995-11-01,SPY,BUY,0.027051441161152042,34.233529114378236,0.0004630331492880941,BEAR,False
1995-11-01,1995-12-01,SPY,SELL,0.39177144783737305,36.02835267969386,0.0070574399462595815,BEAR,False
1995-12-01,1996-01-01,SPY,SELL,0.033368319771833015,36.27758549340371,0.0006052610366469529,BEAR,False
1996-01-01,1996-02-01,SPY,SELL,0.24872915920719424,37.579158556026115,0.004673516255677107,BEAR,False
1996-02-01,1996-03-01,SPY,SELL,0.17150984013463866,38.357976278652245,0.0032893851897199543,BEAR,False
1996-03-01,1996-04-01,SPY,SELL,0.017921307378205995,38.57124955237968,0.00034562360959484333,BEAR,False
1996-04-01,1996-05-01,SPY,SELL,0.030534290150703497,38.79376297170051,0.0005922700073077605,BEAR,False
1996-05-01,1996-06-01,SPY,SELL,0.19866693013398334,39.90346984021241,0.003963749927424495,BEAR,False
1996-06-01,1996-07-01,SPY,SELL,0.03349324039057689,40.13650941747315,0.0006721508791790407,BEAR,False
1996-07-01,1996-08-01,SPY,BUY,0.32461962292466207,38.28758173867869,0.006214450173353527,BEAR,False
1996-08-01,1996-09-01,SPY,SELL,0.052692006682636225,38.65663019808403,0.0010184477083628205,BEAR,False
1996-09-01,1996-10-01,SPY,SELL,0.4357146731623245,41.19564240664451,0.008974772933461553,BEAR,False
1996-10-01,1996-11-01,SPY,SELL,0.2095239951114127,42.5635051539041,0.004459037822895596,BEAR,False
1996-11-01,1996-12-01,SPY,SELL,0.44195780496119574,45.74783947043869,0.010109307357036117,BEAR,False
1996-12-01,1997-01-01,SPY,BUY,0.11903279548664741,44.83368874304092,0.0026683396515311984,BEAR,False
1997-01-01,1997-02-01,SPY,SELL,0.32982205408398024,47.43313553679324,0.007822247097194493,BEAR,False
1997-02-01,1997-03-01,SPY,SELL,0.016519898605254917,47.63371949563097,0.000393452108129489,BEAR,False
1997-03-01,1997-04-01,SPY,BUY,0.2688744134831722,45.53486385707372,0.0061215799063033954,BEAR,False
1997-04-01,1997-05-01,SPY,SELL,0.3754985621080088,48.52209836183264,0.009109989082665764,BEAR,False
1997-05-01,1997-06-01,SPY,SELL,0.3688167403250333,51.82309332545523,0.009556612176927194,BEAR,False
1997-06-01,1997-07-01,SPY,SELL,0.18692384654244576,53.739639346423544,0.005022610049218628,BEAR,False
1997-07-01,1997-08-01,SPY,SELL,0.3842997923529475,57.990239213120915,0.011142818444050061,BEAR,False
1997-08-01,1997-09-01,SPY,BUY,0.23680094653240522,55.292046750696954,0.00654660450313952,BEAR,False
1997-09-01,1997-10-01,SPY,SELL,0.24895321827265962,58.050620509061794,0.007225944399227896,BEAR,False
1997-10-01,1997-11-01,SPY,BUY,0.10614718697389991,56.81630786635005,0.0030154456271280594,BEAR,False
1997-11-01,1997-12-01,SPY,SELL,0.1754309401550278,58.874345753452715,0.005164190913270189,BEAR,False
1997-12-01,1998-01-01,SPY,SELL,0.04537594436476569,59.543578354299434,0.0013509230493418789,BEAR,False
1998-01-01,1998-02-01,SPY,SELL,0.14175605760409524,61.13061592266795,0.00433281755605377,BEAR,False
1998-02-01,1998-03-01,SPY,SELL,0.2391039816289153,64.58544699951311,0.007721318766433433,BEAR,False
1998-03-01,1998-04-01,SPY,SELL,0.20721447866736753,67.69199570206206,0.0070133807996782364,BEAR,False
1998-04-01,1998-05-01,SPY,SELL,0.05633524375556849,68.57411265356929,0.0019315696758303196,BEAR,False
1998-05-01,1998-06-01,SPY,BUY,0.09741099843856865,67.1070298045344,0.0032684813877532407,BEAR,False
1998-06-01,1998-07-01,SPY,SELL,0.2009031292548112,70.21583857945033,0.007053290846931136,BEAR,False
1998-07-01,1998-08-01,SPY,BUY,0.09378050995919242,68.83910711264312,0.003227883285079571,BEAR,False
1998-08-01,1998-09-01,SPY,BUY,0.6832037777547744,59.367821669814276,0.020280160020944436,BEAR,False
1998-09-01,1998-10-01,SPY,SELL,0.16752003741425023,61.795832330932626,0.005176020072061284,BEAR,False
1998-10-01,1998-11-01,SPY,SELL,0.4871227151179698,68.45608465337435,0.01667325691134865,BEAR,False
1998-11-01,1998-12-01,SPY,SELL,0.20739870238768437,71.97631289014086,0.007463896948032588,BEAR,False
1998-12-01,1999-01-01,SPY,SELL,0.24212478132576462,76.4699680442543,0.009257637145351641,BEAR,False
1999-01-01,1999-02-01,SPY,SELL,0.17157373033841852,79.76278479854214,0.006842599265033189,BEAR,False
1999-02-01,1999-03-01,SPY,BUY,0.15163484487789006,76.86097692184411,0.00582740115635346,BEAR,False
1999-03-01,1999-04-01,SPY,SELL,0.19120401470554352,80.57756161528725,0.007703376638013112,BEAR,False
1999-04-01,1999-05-01,SPY,SELL,0.09858322832285661,82.90754939316348,0.004086646935757374,BEAR,False
1999-05-01,1999-06-01,SPY,BUY,0.08246240346337505,81.12589296306693,0.003344918058423502,BEAR,False
1999-06-01,1999-07-01,SPY,SELL,0.18819579272794132,85.37792380636614,0.008033883026102424,BEAR,False
1999-07-01,1999-08-01,SPY,BUY,0.1165573876479494,82.76243477788402,0.004823286596546979,BEAR,False
1999-08-01,1999-09-01,SPY,SELL,0.02449263781454003,83.07955118392425,0.0010174186784711985,BEAR,False
1999-09-01,1999-10-01,SPY,BUY,0.16018439746596008,79.98676375767783,0.006406315778887859,BEAR,False
1999-10-01,1999-11-01,SPY,SELL,0.24313592632635234,85.30593317343593,0.010370468541628628,BEAR,False
1999-11-01,1999-12-01,SPY,SELL,0.08834597311064166,87.27729551571136,0.003855298801400281,BEAR,False
1999-12-01,2000-01-01,SPY,SELL,0.22177785997711874,92.87649689090523,0.010298975361318241,BEAR,False
2000-01-01,2000-02-01,SPY,BUY,0.21447285883024636,87.58640964736834,0.009392453835874079,BEAR,False
2000-02-01,2000-03-01,SPY,BUY,0.04365349051161828,86.47381313531737,0.0018874418906030144,BEAR,False
2000-03-01,2000-04-01,SPY,SELL,0.29572123743158685,94.29021789510425,0.01394180995681709,BEAR,False
2000-04-01,2000-05-01,SPY,BUY,0.07190801959036677,92.0894942297537,0.0033109865775700483,BEAR,False
2000-05-01,2000-06-01,SPY,BUY,0.061757127819422615,90.49564056146318,0.0027943754206274036,BEAR,False
2000-06-01,2000-07-01,SPY,SELL,0.035648584336679875,91.56115998449326,0.0016320128668357232,BEAR,False
2000-07-01,2000-08-01,SPY,BUY,0.040712951631387405,90.45630748321064,0.0018413716356589307,BEAR,False
2000-08-01,2000-09-01,SPY,SELL,0.23069566782113826,96.72193990341732,0.01115666625948743,BEAR,False
2000-09-01,2000-10-01,SPY,BUY,0.2089416958444128,91.09787873130044,0.009517072634973289,BEAR,False
2000-10-01,2000-11-01,SPY,BUY,0.057566196977397004,89.81533290683413,0.0025851635728526504,BEAR,False
2000-11-01,2000-12-01,SPY,BUY,0.21419841224233563,84.35127657660146,0.009033954756661074,BEAR,False
2000-12-01,2001-01-01,SPY,BUY,0.03618096879053502,83.59923016709945,0.0015123505687942896,BEAR,False
2001-01-01,2001-02-01,SPY,SELL,0.133142546252856,86.79449637212896,0.00577802012385976,BEAR,False
2001-02-01,2001-03-01,SPY,BUY,0.36588619683025153,78.7758172192149,0.01441149208226679,BEAR,False
2001-03-01,2001-04-01,SPY,BUY,0.26631408777637344,73.85432537932935,0.00983422364586778,BEAR,False
2001-04-01,2001-05-01,SPY,SELL,0.2781944647944619,79.39178040984919,0.01104317693009872,BEAR,False
2001-05-01,2001-06-01,SPY,SELL,0.06336792050058192,80.33692685186038,0.002545391997004877,BEAR,False
2001-06-01,2001-07-01,SPY,BUY,0.10945600926794036,78.20384917489507,0.004279940620037962,BEAR,False
2001-07-01,2001-08-01,SPY,BUY,0.023298765441393362,77.67523393410681,0.0009048685280180564,BEAR,False
2001-08-01,2001-09-01,SPY,BUY,0.26963999238583186,72.77615990010091,0.009811681600666646,BEAR,False
2001-09-01,2001-10-01,SPY,BUY,0.4048512058032693,66.41587006438264,0.013444272540019285,BEAR,False
2001-10-01,2001-11-01,SPY,SELL,0.1272007487686548,68.11449191706922,0.004332107186923845,BEAR,False
2001-11-01,2001-12-01,SPY,SELL,0.2779406477674831,72.86901610607231,0.010126630769350449,BEAR,False
2001-12-01,2002-01-01,SPY,SELL,0.06019558236701876,73.80517303918805,0.002221372686396258,BEAR,False
2002-01-01,2002-02-01,SPY,BUY,0.08167009842250823,72.53899403731259,0.0029621333912485284,BEAR,False
2002-02-01,2002-03-01,SPY,BUY,0.03001533518595594,71.86552415704281,0.0010785338979440269,BEAR,False
2002-03-01,2002-04-01,SPY,SELL,0.08151261804075265,73.45072944235375,0.002993580626924623,BEAR,False
2002-04-01,2002-05-01,SPY,BUY,0.23581144513281002,69.45326336220771,0.008188937201315923,BEAR,False
2002-05-01,2002-06-01,SPY,BUY,0.018933877724882902,69.12826021411077,0.0006544330131139305,BEAR,False
2002-06-01,2002-07-01,SPY,BUY,0.34621814117088157,64.02225105638627,0.01108283237715878,BEAR,False
2002-07-01,2002-08-01,SPY,BUY,0.42767103477058055,58.66448583119084,0.012544550679854723,BEAR,False
2002-08-01,2002-09-01,SPY,SELL,0.008738294265391633,58.80669305677893,0.00025693509435234865,BEAR,False
2002-09-01,2002-10-01,SPY,BUY,0.4791800685870904,53.448403437549985,0.01280570481253784,BEAR,False
2002-10-01,2002-11-01,SPY,SELL,0.34587268335019816,57.26410458384332,0.009903044756030136,BEAR,False
2002-11-01,2002-12-01,SPY,SELL,0.42829653097745213,62.182996109813956,0.01331638075980886,BEAR,False
2002-12-01,2003-01-01,SPY,BUY,0.37067545539115776,57.894318137718656,0.010730001370129713,BEAR,False
2003-01-01,2003-02-01,SPY,BUY,0.1649749617670838,56.128476293932984,0.004629896615318131,BEAR,False
2003-02-01,2003-03-01,SPY,BUY,0.02282028070602316,55.77909907428864,0.0006364473492021716,BEAR,False
2003-03-01,2003-04-01,SPY,BUY,0.0034615404095311394,55.7725390091898,9.652944876123115e-05,BEAR,False
2003-04-01,2003-05-01,SPY,SELL,0.36772819734476436,60.11213734831803,0.011052463952818937,BEAR,False
2003-05-01,2003-06-01,SPY,SELL,0.3081803933227453,64.01128758367565,0.009863511892316264,BEAR,False
2003-06-01,2003-07-01,SPY,BUY,0.029411653542634024,63.853048361660626,0.0009390118680271086,BEAR,False
2003-07-01,2003-08-01,SPY,SELL,0.09297538157714391,65.10075836447385,0.0030263839249491994,BEAR,False
2003-08-01,2003-09-01,SPY,SELL,0.13619592650456624,66.96482141938239,0.004560167948212803,BEAR,False
2003-09-01,2003-10-01,SPY,BUY,0.06578305429080387,66.06893497799167,0.002173108168296409,BEAR,False
2003-10-01,2003-11-01,SPY,SELL,0.23706754793468543,69.6727082521347,0.008258569051651147,BEAR,False
2003-11-01,2003-12-01,SPY,SELL,0.0691026888409623,70.73008008175138,0.0024438193577928057,BEAR,False
2003-12-01,2004-01-01,SPY,SELL,0.18262183049426292,73.96703795268466,0.006753997933578946,BEAR,False
2004-01-01,2004-02-01,SPY,SELL,0.06881872525024002,75.26448989964918,0.002589803125751711,BEAR,False
2004-02-01,2004-03-01,SPY,SELL,0.08021699184618981,76.67749787810584,0.0030754191110371264,BEAR,False
2004-03-01,2004-04-01,SPY,BUY,0.0911569354842107,75.1399157735847,0.0034247622272308435,BEAR,False
2004-04-01,2004-05-01,SPY,BUY,0.05823943980065092,74.01016558876009,0.0021551552917214,BEAR,False
2004-05-01,2004-06-01,SPY,SELL,0.051235584719658334,74.9772952555155,0.0019207527815574006,BEAR,False
2004-06-01,2004-07-01,SPY,SELL,0.06141020096793238,76.17071490422302,0.0023388294550697086,BEAR,False
2004-07-01,2004-08-01,SPY,BUY,0.15201190256737715,73.49333296141054,0.0055859306847408745,BEAR,False
2004-08-01,2004-09-01,SPY,SELL,0.05428197970626182,74.27849956478443,0.002015992002993603,BEAR,False
2004-09-01,2004-10-01,SPY,SELL,0.04981216827493371,75.155515046453,0.0018718295811416148,BEAR,False
2004-10-01,2004-11-01,SPY,SELL,0.06025878541507343,76.25113704071356,0.0022974004522958577,BEAR,False
2004-11-01,2004-12-01,SPY,SELL,0.17599082640062216,79.71468965308405,0.0070145270541576935,BEAR,False
2004-12-01,2005-01-01,SPY,SELL,0.10737311100810618,82.00840867925659,0.0044027489843579785,BEAR,False
2005-01-01,2005-02-01,SPY,BUY,0.11125038140552387,79.80728231865483,0.0044392952984443354,BEAR,False
2005-02-01,2005-03-01,SPY,SELL,0.10221018381634497,81.8293508906932,0.004181896498054972,BEAR,False
2005-03-01,2005-04-01,SPY,BUY,0.07029007852431772,80.37823758084588,0.002824896315601961,BEAR,False
2005-04-01,2005-05-01,SPY,BUY,0.08801033023702977,78.64368398622405,0.0034607282993420942,BEAR,False
2005-05-01,2005-06-01,SPY,SELL,0.13058160332151236,81.27556839280967,0.005306547015800161,BEAR,False
2005-06-01,2005-07-01,SPY,BUY,0.004343219533495141,81.26047250913524,0.00017646603575136055,BEAR,False
2005-07-01,2005-08-01,SPY,SELL,0.13415176692843694,84.20645401017875,0.005648222296121822,BEAR,False
2005-08-01,2005-09-01,SPY,BUY,0.021052472928962607,83.70377062082616,0.0008810856825235191,BEAR,False
2005-09-01,2005-10-01,SPY,SELL,0.009296753858344779,83.97074841712617,0.00039032768966750826,BEAR,False
2005-10-01,2005-11-01,SPY,BUY,0.06958089048945715,82.37840564746865,0.0028659814110262973,BEAR,False
2005-11-01,2005-12-01,SPY,SELL,0.18895218865932958,86.51667519424015,0.008173757566740002,BEAR,False
2005-12-01,2006-01-01,SPY,BUY,0.028771657348007303,85.9812297064873,0.0012369112397376796,BEAR,False
2006-01-01,2006-02-01,SPY,SELL,0.07279194762232172,87.75242826714936,0.0031938350810769398,BEAR,False
2006-02-01,2006-03-01,SPY,SELL,0.03993446025419362,88.63904806322623,0.0017698762709252329,BEAR,False
2006-03-01,2006-04-01,SPY,SELL,0.035934287999008566,89.6522413168101,0.0016107947296174346,BEAR,False
2006-04-01,2006-05-01,SPY,SELL,0.03609945343515516,90.61718168728538,0.0016356153653725768,BEAR,False
2006-05-01,2006-06-01,SPY,BUY,0.09386720003514719,88.22145159871027,0.004140550322303597,BEAR,False
2006-06-01,2006-07-01,SPY,BUY,0.0005112267497065112,88.25611826462226,2.2559444241068148e-05,BEAR,False
2006-07-01,2006-08-01,SPY,BUY,0.00718679496491004,88.19377921450022,0.000316915304197579,BEAR,False
2006-08-01,2006-09-01,SPY,SELL,0.13027912324226518,91.1885578223537,0.005939982681411421,BEAR,False
2006-09-01,2006-10-01,SPY,SELL,0.055278836660404757,92.85739466762037,0.002566524376271063,BEAR,False
2006-10-01,2006-11-01,SPY,SELL,0.11964087332665137,96.11166932267834,0.005749442027323782,BEAR,False
2006-11-01,2006-12-01,SPY,SELL,0.07537870922790903,98.26238580432242,0.003703445903792318,BEAR,False
2006-12-01,2007-01-01,SPY,SELL,0.038856165941775364,99.46505674195133,0.0019324153750866818,BEAR,False
2007-01-01,2007-02-01,SPY,SELL,0.04163335803074514,100.79357480285161,0.0020981874934829065,BEAR,False
2007-02-01,2007-03-01,SPY,BUY,0.10646797504407493,97.85581996177677,0.00520925549880397,BEAR,False
2007-03-01,2007-04-01,SPY,SELL,0.07247739781432269,99.7963811750514,0.003616491009426992,BEAR,False
2007-04-01,2007-05-01,SPY,SELL,0.13704937283198385,104.19089071930976,0.007139648113943585,BEAR,False
2007-05-01,2007-06-01,SPY,SELL,0.13011547932630746,108.48940257152141,0.007058075308709121,BEAR,False
2007-06-01,2007-07-01,SPY,BUY,0.06474056802140445,106.40985014156176,0.0034445170706186167,BEAR,False
2007-07-01,2007-08-01,SPY,BUY,0.12632170468953055,102.39658974454161,0.006467455885462499,BEAR,False
2007-08-01,2007-09-01,SPY,SELL,0.06981614929015975,104.44924688100691,0.0036461221067445658,BEAR,False
2007-09-01,2007-10-01,SPY,SELL,0.10305638813028364,108.09734592829176,0.005570061018919786,BEAR,False
2007-10-01,2007-11-01,SPY,SELL,0.006885474320728937,108.58611343207235,0.00037383344781214686,BEAR,False
2007-11-01,2007-12-01,SPY,BUY,0.07966470743743528,105.57282600374884,0.004205214148465956,BEAR,False
2007-12-01,2008-01-01,SPY,BUY,0.03519781369243725,104.39018047862064,0.0018371530619031944,BEAR,False
2008-01-01,2008-02-01,SPY,BUY,0.19409988217137078,98.27053206872951,0.009537149347729154,BEAR,False
2008-02-01,2008-03-01,SPY,BUY,0.10546772068638821,95.32048683019542,0.005026617240348799,BEAR,False
2008-03-01,2008-04-01,SPY,SELL,0.022387986981296484,95.61878093758708,0.00107035601139907,BEAR,False
2008-04-01,2008-05-01,SPY,SELL,0.10661730988304585,99.03245934685545,0.005279287203331914,BEAR,False
2008-05-01,2008-06-01,SPY,SELL,0.050465498945837926,100.57069560091077,0.0025376751664149748,BEAR,False
2008-06-01,2008-07-01,SPY,BUY,0.35091761296973234,91.03405298000622,0.015972726285351967,BEAR,False
2008-07-01,2008-08-01,SPY,SELL,0.027880476289643324,91.42918085078736,0.001274544554445944,BEAR,False
2008-08-01,2008-09-01,SPY,SELL,0.1092503049061377,94.06349695423086,0.005138232861393637,BEAR,False
2008-09-01,2008-10-01,SPY,BUY,0.45657655734709673,83.41952388812481,0.019043699516186962,BEAR,False
2008-10-01,2008-11-01,SPY,BUY,0.7148731166319959,70.03851652540652,0.025034326296399456,BEAR,False
2008-11-01,2008-12-01,SPY,BUY,0.44400340188547816,63.84404709663284,0.014173487050520834,BEAR,False
2008-12-01,2009-01-01,SPY,SELL,0.17711461027495298,65.95527184286837,0.005840821134014106,BEAR,False
2009-01-01,2009-02-01,SPY,BUY,0.5160374716060666,59.51042034234346,0.015354803423838576,BEAR,False
2009-02-01,2009-03-01,SPY,BUY,0.5760551916724652,53.28656565144421,0.015348001394955046,BEAR,False
2009-03-01,2009-04-01,SPY,SELL,0.41256943539026314,57.67954272595356,0.01189840818800761,BEAR,False
2009-04-01,2009-05-01,SPY,SELL,0.535606135758751,64.2238705236992,0.017199349557334445,BEAR,False
2009-05-01,2009-06-01,SPY,SELL,0.35584113311716986,69.18837038854103,0.01231003405879444,BEAR,False
2009-06-01,2009-07-01,SPY,BUY,0.07951425462526264,68.23326185006121,0.002712758478328993,BEAR,False
2009-07-01,2009-08-01,SPY,SELL,0.34218608691104074,73.75317013581275,0.012618654343029,BEAR,False
2009-08-01,2009-09-01,SPY,SELL,0.09397205493300241,75.66299659076962,0.0035551036360116886,BEAR,False
2009-09-01,2009-10-01,SPY,BUY,12.763927769009847,76.47283181949719,0.48804685081785,CAUTION,False
2009-10-01,2009-11-01,SPY,SELL,0.2197871143974536,77.28089116537997,0.008492672033651264,CAUTION,False
2009-11-01,2009-12-01,SPY,SELL,2.9210219985430874,82.76333979989994,0.12087676811420218,STRONG_BULL,False
2009-11-01,2009-12-01,QQQ,BUY,10.695321517325215,38.06063789029751,0.20353537969561117,STRONG_BULL,False
2009-12-01,2010-01-01,QQQ,SELL,10.695321517325215,40.16049456987813,0.21476470085982005,CAUTION,False
2009-12-01,2010-01-01,SPY,BUY,2.5968207455071486,83.87879317937907,0.10890909511815755,CAUTION,False
2010-01-01,2010-02-01,SPY,BUY,0.2497506767286451,80.72876753895287,0.010081032162161477,CAUTION,False
2010-02-01,2010-03-01,SPY,SELL,2.6723531123372424,83.31396674860292,0.11132216917089527,STRONG_BULL,False
2010-02-01,2010-03-01,QQQ,BUY,10.623026180472083,39.03014516100707,0.20730912693650194,STRONG_BULL,False
2010-03-01,2010-04-01,SPY,SELL,0.11588884367253895,88.25884994001706,0.005114108031708355,STRONG_BULL,False
2010-03-01,2010-04-01,QQQ,SELL,0.23983806299791624,41.96491320826356,0.005032391748872802,STRONG_BULL,False
2010-04-01,2010-05-01,QQQ,SELL,0.08945649467340297,42.910782296855245,0.001919324083985093,STRONG_BULL,False
2010-04-01,2010-05-01,SPY,BUY,0.004640199410264007,89.47838447271992,0.00020759877343084555,STRONG_BULL,False
2010-05-01,2010-06-01,QQQ,SELL,10.293731622800763,39.57474396492951,0.2036858967080193,CAUTION,False
2010-05-01,2010-06-01,SPY,BUY,2.959831988975533,81.59750022659138,0.12075744569555173,CAUTION,False
2010-06-01,2010-07-01,SPY,BUY,0.2237148639131157,77.68144892641347,0.008689247387573118,CAUTION,False
2010-07-01,2010-08-01,SPY,SELL,0.6275635191180629,84.30501942215962,0.026453377333943564,CAUTION,False
2010-08-01,2010-09-01,SPY,BUY,0.2036324847719932,80.80781724971106,0.008227548307779898,CAUTION,False
2010-09-01,2010-10-01,SPY,SELL,0.2613298961133473,87.02681509406122,0.011371354273803251,CAUTION,False
2010-10-01,2010-11-01,SPY,SELL,0.14828545213411973,90.11464509259103,0.006681345445730297,CAUTION,False
2010-11-01,2010-12-01,SPY,SELL,0.2499046078721729,91.44827191497451,0.011426672266749772,CAUTION,False
2010-12-01,2011-01-01,SPY,SELL,2.527604977552134,96.4010919013451,0.1218319398656503,STRONG_BULL,False
2010-12-01,2011-01-01,QQQ,BUY,9.61161738324983,48.11173408252909,0.23121578982296498,STRONG_BULL,False
2011-01-01,2011-02-01,SPY,SELL,0.04925447107773141,98.49331986336779,0.002425618187279999,STRONG_BULL,False
2011-01-01,2011-02-01,QQQ,SELL,0.07462386058690258,49.36108291690048,0.00184175728500466,STRONG_BULL,False
2011-02-01,2011-03-01,SPY,SELL,0.1275283547616595,102.06164212257895,0.006507876652082889,STRONG_BULL,False
2011-02-01,2011-03-01,QQQ,SELL,0.025904795015437368,50.83254142869874,0.0006584032829120843,STRONG_BULL,False
2011-03-01,2011-04-01,SPY,BUY,0.005933201965083865,101.98016104472819,0.0003025344459550752,STRONG_BULL,False
2011-03-01,2011-04-01,QQQ,BUY,0.041959518030155414,50.58993982538691,0.0010613647461238998,STRONG_BULL,False
2011-04-01,2011-05-01,SPY,SELL,0.06163070830130689,104.73603451250732,0.003227477995837975,STRONG_BULL,False
2011-04-01,2011-05-01,QQQ,SELL,0.01993742412030668,51.84006399660717,0.0005167786711620988,STRONG_BULL,False
2011-05-01,2011-06-01,SPY,BUY,0.06732995255776356,103.33075866938773,0.003478627539483796,STRONG_BULL,False
2011-05-01,2011-06-01,QQQ,BUY,0.045702319233101515,51.14259500579928,0.001168667601682131,STRONG_BULL,False
2011-06-01,2011-07-01,SPY,BUY,0.05547068445430815,101.47174055049517,0.0028143534505529716,STRONG_BULL,False
2011-06-01,2011-07-01,QQQ,BUY,0.05295034472107846,50.1411755094037,0.0013274962639715114,STRONG_BULL,False
2011-07-01,2011-08-01,QQQ,SELL,0.3469867499356675,51.543594303650664,0.008942472133713165,STRONG_BULL,False
2011-07-01,2011-08-01,SPY,BUY,0.011468626550284125,100.51150312465414,0.0005763644466721871,STRONG_BULL,False
2011-08-01,2011-09-01,SPY,BUY,0.27324548813777505,94.4293660965813,0.012901199116800512,STRONG_BULL,False
2011-08-01,2011-09-01,QQQ,BUY,0.15112148185303168,48.579627703806686,0.0036707126632339287,STRONG_BULL,False
2011-09-01,2011-10-01,QQQ,SELL,2.305160159172398,45.76272874676355,0.052745209541026364,NORMAL_BULL,False
2011-09-01,2011-10-01,SPY,BUY,4.227574919493152,86.86205585932356,0.18360792440324472,NORMAL_BULL,False
2011-10-01,2011-11-01,SPY,SELL,3.56796400910708,94.19096207629552,0.16803498133569614,STRONG_BULL,False
2011-10-01,2011-11-01,QQQ,BUY,2.481216249982842,49.74131056082613,0.061709474029482465,STRONG_BULL,False
2011-11-01,2011-12-01,SPY,SELL,0.5980858436653113,96.97877648958277,0.02900081667720088,STRONG_BULL,False
2011-11-01,2011-12-01,QQQ,SELL,0.11657326527917829,49.78807552859711,0.002901979268167458,STRONG_BULL,False
2011-12-01,2012-01-01,SPY,SELL,0.2597909578683295,99.2391435335332,0.012890716078304615,STRONG_BULL,False
2011-12-01,2012-01-01,QQQ,SELL,0.04017507561224169,50.25611119963033,0.0010095215337111876,STRONG_BULL,False
2012-01-01,2012-02-01,QQQ,SELL,0.22723706086733478,53.76193640569114,0.006108352207682909,STRONG_BULL,False
2012-01-01,2012-02-01,SPY,BUY,0.1191832941700775,102.79895943580033,0.006125959311407428,STRONG_BULL,False
2012-02-01,2012-03-01,SPY,SELL,0.05433095523958381,107.1246396014857,0.0029100919996224335,STRONG_BULL,False
2012-02-01,2012-03-01,QQQ,SELL,0.21812742775747362,57.18806215066679,0.006237142447679741,STRONG_BULL,False
2012-03-01,2012-04-01,QQQ,SELL,0.12528101000794528,59.69144185924214,0.0037391020624781995,STRONG_BULL,False
2012-03-01,2012-04-01,SPY,BUY,0.07055454708514554,109.76650018972204,0.0038722628530036903,STRONG_BULL,False
2012-04-01,2012-05-01,SPY,SELL,0.004527396201044306,109.05947366339643,0.00024687772337577627,STRONG_BULL,False
2012-04-01,2012-05-01,QQQ,BUY,0.04810843162843835,59.016205716664906,0.0014195885488450131,STRONG_BULL,False
2012-05-01,2012-06-01,SPY,BUY,0.30071627454393873,101.52511052478167,0.015265126504836983,STRONG_BULL,False
2012-05-01,2012-06-01,QQQ,BUY,0.33126339362013785,54.051782705952746,0.008952688485196092,STRONG_BULL,False
2012-06-01,2012-07-01,SPY,SELL,0.3146679464467518,107.02880341478223,0.01683926689059131,STRONG_BULL,False
2012-06-01,2012-07-01,QQQ,SELL,0.1942660457430386,56.96486062893229,0.00553316911034299,STRONG_BULL,False
2012-07-01,2012-08-01,SPY,SELL,0.10211732103865495,108.76975857390714,0.005553638177794334,STRONG_BULL,False
2012-07-01,2012-08-01,QQQ,SELL,0.05910979743079413,57.8603370410998,0.0017100564008884415,STRONG_BULL,False
2012-08-01,2012-09-01,QQQ,SELL,0.1737704463868478,60.48826534266148,0.00525553643488019,STRONG_BULL,False
2012-08-01,2012-09-01,SPY,BUY,0.0416048206914251,111.23969412748603,0.002314053763971515,STRONG_BULL,False
2012-09-01,2012-10-01,SPY,SELL,0.10926813874047261,113.93885541550135,0.006224943330735826,STRONG_BULL,False
2012-09-01,2012-10-01,QQQ,BUY,0.035950973975492066,61.28632959691688,0.001101651620196094,STRONG_BULL,False
2012-10-01,2012-11-01,SPY,SELL,0.022145546449045015,111.67616494711217,0.0012365648490437428,STRONG_BULL,False
2012-10-01,2012-11-01,QQQ,BUY,0.28057929035580104,58.137526857779115,0.008156093014398494,STRONG_BULL,False
2012-11-01,2012-12-01,SPY,SELL,0.13118260398530104,113.38130427644349,0.007436827369116803,STRONG_BULL,False
2012-11-01,2012-12-01,QQQ,SELL,0.12768142898096882,59.28732382644504,0.0037849451133089716,STRONG_BULL,False
2012-12-01,2013-01-01,SPY,SELL,0.16306761622579963,115.21539552550676,0.009393949950428524,STRONG_BULL,False
2012-12-01,2013-01-01,QQQ,SELL,0.016691607331922403,59.66284004199002,0.0004979343491440971,STRONG_BULL,False
2013-01-01,2013-02-01,SPY,SELL,0.03621568549591966,119.6140704902251,0.0021659527788803782,STRONG_BULL,False
2013-01-01,2013-02-01,QQQ,BUY,0.23518891176812676,60.23232464811901,0.007082987443627815,STRONG_BULL,False
2013-02-01,2013-03-01,SPY,BUY,0.01216738889331462,120.54521430031431,0.0007333602508099376,STRONG_BULL,False
2013-02-01,2013-03-01,QQQ,BUY,0.12021548108034166,59.95035786697223,0.0036034805559583562,STRONG_BULL,False
2013-03-01,2013-04-01,SPY,SELL,0.1022570598056801,124.8833511501591,0.006385102153647784,STRONG_BULL,False
2013-03-01,2013-04-01,QQQ,SELL,0.030237202173462593,61.853131672024794,0.000935132823714408,STRONG_BULL,False
2013-04-01,2013-05-01,SPY,SELL,0.012252721339845741,127.06854012007844,0.0007784677065761649,STRONG_BULL,False
2013-04-01,2013-05-01,QQQ,SELL,0.07578462279440579,63.39453458667062,0.0024021654454388724,STRONG_BULL,False
2013-05-01,2013-06-01,SPY,SELL,0.16538063561955132,131.34878152971294,0.010861272488618755,STRONG_BULL,False
2013-05-01,2013-06-01,QQQ,SELL,0.1564219058842372,65.86059030290767,0.005151019528920864,STRONG_BULL,False
2013-06-01,2013-07-01,SPY,BUY,0.04207562449455149,129.33999426569764,0.0027210305154254685,STRONG_BULL,False
2013-06-01,2013-07-01,QQQ,BUY,0.07386822366259553,64.52888892916101,0.002383317200059025,STRONG_BULL,False
2013-07-01,2013-08-01,SPY,SELL,0.14032425418110397,136.28748097609565,0.00956221956109601,STRONG_BULL,False
2013-07-01,2013-08-01,QQQ,SELL,0.17180397195182134,68.58452935750898,0.005891547279033171,STRONG_BULL,False
2013-08-01,2013-09-01,QQQ,SELL,0.1705951646952041,68.61011989693309,0.0058522773517875005,STRONG_BULL,False
2013-08-01,2013-09-01,SPY,BUY,0.06517007672588068,133.17010757469802,0.004339353064118427,STRONG_BULL,False
2013-09-01,2013-10-01,QQQ,SELL,0.07267155274040474,71.13486743553237,0.002584740635261495,STRONG_BULL,False
2013-09-01,2013-10-01,SPY,BUY,0.14301713827931758,135.5155391932405,0.009690522303897978,STRONG_BULL,False
2013-10-01,2013-11-01,SPY,SELL,0.12126495507641599,141.80980580718736,0.008598279865301926,STRONG_BULL,False
2013-10-01,2013-11-01,QQQ,SELL,0.12746427800545482,74.90399613516331,0.004773791893545985,STRONG_BULL,False
2013-11-01,2013-12-01,SPY,SELL,0.12617598688796008,146.68653408702636,0.009254159100802474,STRONG_BULL,False
2013-11-01,2013-12-01,QQQ,SELL,0.09710383530142923,77.63852391213526,0.0037694992195050287,STRONG_BULL,False
2013-12-01,2014-01-01,SPY,BUY,0.07164879023203236,149.08711613247135,0.005340955755037044,STRONG_BULL,False
2013-12-01,2014-01-01,QQQ,BUY,0.010805221014238284,79.22601116025801,0.0004280272803315484,STRONG_BULL,False
2014-01-01,2014-02-01,QQQ,SELL,0.11003989270537524,78.21512596549191,0.004303392034590069,STRONG_BULL,False
2014-01-01,2014-02-01,SPY,BUY,0.10685025204703903,144.21696131736613,0.007704809333109324,STRONG_BULL,False
2014-02-01,2014-03-01,SPY,SELL,0.05906479842771694,150.23031105553204,0.004436661520114109,STRONG_BULL,False
2014-02-01,2014-03-01,QQQ,SELL,0.03238924618322114,81.47108853984538,0.0013193935717660296,STRONG_BULL,False
2014-03-01,2014-04-01,SPY,SELL,0.22353221420668964,152.6466326614712,0.01706071989500692,STRONG_BULL,False
2014-03-01,2014-04-01,QQQ,BUY,0.12807952067013348,80.23773975529708,0.005138405623756681,STRONG_BULL,False
2014-04-01,2014-05-01,SPY,BUY,0.004447337858656458,153.1961258766522,0.00034065746520536784,STRONG_BULL,False
2014-04-01,2014-05-01,QQQ,BUY,0.08589158000784052,79.7186046727558,0.0034235784556817072,STRONG_BULL,False
2014-05-01,2014-06-01,SPY,SELL,0.09351451781530068,157.73539313567406,0.007375274615744724,STRONG_BULL,False
2014-05-01,2014-06-01,QQQ,SELL,0.20050264071527585,83.4518038437417,0.008366153521561708,STRONG_BULL,False
2014-06-01,2014-07-01,QQQ,SELL,0.1002365133815497,86.02602890636568,0.004311474598817253,STRONG_BULL,False
2014-06-01,2014-07-01,SPY,BUY,0.022710112211528938,160.45636114924724,0.0018219909833765088,STRONG_BULL,False
2014-07-01,2014-08-01,QQQ,SELL,0.09786313320669464,86.5554525523075,0.004235293891446103,STRONG_BULL,False
2014-07-01,2014-08-01,SPY,BUY,0.17545208347478522,157.47953082955914,0.013815055894338912,STRONG_BULL,False
2014-08-01,2014-09-01,SPY,SELL,0.19084014183503006,165.05966122998274,0.01575000458018596,STRONG_BULL,False
2014-08-01,2014-09-01,QQQ,SELL,0.18313686299851484,91.51941818161468,0.008380289574615079,STRONG_BULL,False
2014-09-01,2014-10-01,SPY,BUY,0.158076884436363,161.617259839473,0.012773976453283013,STRONG_BULL,False
2014-09-01,2014-10-01,QQQ,BUY,0.04426496155155146,90.1738176891225,0.0019957702864828093,STRONG_BULL,False
2014-10-01,2014-11-01,SPY,SELL,0.0932166182858362,165.8399110197154,0.007729517841040926,STRONG_BULL,False
2014-10-01,2014-11-01,QQQ,SELL,0.09170672971827158,92.9468482686842,0.004261925746170711,STRONG_BULL,False
2014-11-01,2014-12-01,SPY,SELL,0.02986333155148933,170.4549909516325,0.0025451769546973577,STRONG_BULL,False
2014-11-01,2014-12-01,QQQ,SELL,0.14600291706821067,97.09544025062532,0.007088108755306726,STRONG_BULL,False
2014-12-01,2015-01-01,SPY,SELL,0.07905043365286181,170.43848895580336,0.0067366182315473765,STRONG_BULL,False
2014-12-01,2015-01-01,QQQ,BUY,0.10023392234137855,95.3334882776253,0.004777824730276109,STRONG_BULL,False
2015-01-01,2015-02-01,SPY,BUY,0.12121622805903792,165.2769542763912,0.010017124491235109,STRONG_BULL,False
2015-01-01,2015-02-01,QQQ,BUY,0.01277255162657705,93.10081888326135,0.0005945675078315275,STRONG_BULL,False
2015-02-01,2015-03-01,SPY,SELL,0.13122288222231995,174.84923330941479,0.01147211017461214,STRONG_BULL,False
2015-02-01,2015-03-01,QQQ,SELL,0.19477938036605094,99.9790984175664,0.009736933419665004,STRONG_BULL,False
2015-03-01,2015-04-01,SPY,BUY,0.09239411256713295,171.27608283704544,0.007912450838851783,STRONG_BULL,False
2015-03-01,2015-04-01,QQQ,BUY,0.10920925155932074,97.24713239184169,0.005310143272401604,STRONG_BULL,False
2015-04-01,2015-05-01,SPY,SELL,0.06395990788499265,173.70444603311333,0.005555060183745803,STRONG_BULL,False
2015-04-01,2015-05-01,QQQ,SELL,0.10351037439466465,99.46359722827019,0.005147757093869189,STRONG_BULL,False
2015-05-01,2015-06-01,SPY,SELL,0.06395343682335017,176.66658765072245,0.005649217726058667,STRONG_BULL,False
2015-05-01,2015-06-01,QQQ,SELL,0.10706718197791014,102.08199820288297,0.005464815939128384,STRONG_BULL,False
2015-06-01,2015-07-01,SPY,BUY,0.039181730320490056,173.2266203572124,0.0033936593615831044,STRONG_BULL,False
2015-06-01,2015-07-01,QQQ,BUY,0.044785670432843476,99.80607670436905,0.0022349410292384847,STRONG_BULL,False
2015-07-01,2015-08-01,QQQ,SELL,0.09735054119828786,103.30912212585095,0.0050285994748358025,STRONG_BULL,False
2015-07-01,2015-08-01,SPY,BUY,0.12204532923412838,175.50319653045312,0.010709672701100544,STRONG_BULL,False
2015-08-01,2015-09-01,SPY,BUY,0.39908706903650676,161.88051254316233,0.03230220964248906,STRONG_BULL,False
2015-08-01,2015-09-01,QQQ,BUY,0.3273865767195347,94.10870769838199,0.015404963826436302,STRONG_BULL,False
2015-09-01,2015-10-01,SPY,SELL,0.1979438156548719,160.94438931723056,0.01592897326484791,STRONG_BULL,False
2015-09-01,2015-10-01,QQQ,SELL,0.17315028021363682,94.28381681638245,0.008162634650683913,STRONG_BULL,False
2015-10-01,2015-11-01,SPY,SELL,0.13725694446629005,174.55189707451296,0.011979230021621002,STRONG_BULL,False
2015-10-01,2015-11-01,QQQ,SELL,0.2857746119821364,105.09582656841263,0.01501685952926501,STRONG_BULL,False
2015-11-01,2015-12-01,SPY,SELL,0.10594080306151456,176.53474679096615,0.009351116421648042,STRONG_BULL,False
2015-11-01,2015-12-01,QQQ,SELL,0.05276368516124422,106.2053711548338,0.0028018933830233693,STRONG_BULL,False
2015-12-01,2016-01-01,SPY,BUY,0.4106267930645047,169.058558397757,0.034709986837489624,STRONG_BULL,False
2015-12-01,2016-01-01,QQQ,BUY,0.23715831081575078,101.57954778531399,0.012045216983096452,STRONG_BULL,False
2016-01-01,2016-02-01,SPY,SELL,0.06285882794953832,162.28153081691406,0.00510041341250405,STRONG_BULL,False
2016-01-01,2016-02-01,QQQ,BUY,0.0736169511951262,96.17806813204062,0.003540168073858979,STRONG_BULL,False
2016-02-01,2016-03-01,SPY,SELL,0.29379359272370137,165.21966602689545,0.02427023963532584,STRONG_BULL,False
2016-02-01,2016-03-01,QQQ,SELL,0.03990790691695658,96.28518396260877,0.0019212700795309158,STRONG_BULL,False
2016-03-01,2016-04-01,SPY,BUY,0.07265830801059775,173.2021398491008,0.006292287212625296,STRONG_BULL,False
2016-03-01,2016-04-01,QQQ,BUY,0.0341604664596808,101.0337866909888,0.0017256806407760336,STRONG_BULL,False
2016-04-01,2016-05-01,SPY,SELL,0.22156695796807963,175.3103140082634,0.019421486487619866,STRONG_BULL,False
2016-04-01,2016-05-01,QQQ,BUY,0.15414998013115366,98.66013501474235,0.007604228926129736,STRONG_BULL,False
2016-05-01,2016-06-01,QQQ,SELL,0.1642979881849731,102.62450415753757,0.008430499785781916,STRONG_BULL,False
2016-05-01,2016-06-01,SPY,BUY,0.03949667638606248,178.1668543472492,0.0035184992944380157,STRONG_BULL,False
2016-06-01,2016-07-01,SPY,SELL,0.0560193230461632,178.4021387863898,0.004996983522400605,STRONG_BULL,False
2016-06-01,2016-07-01,QQQ,BUY,0.16056548852804667,100.32292225219865,0.00805419951099276,STRONG_BULL,False
2016-07-01,2016-08-01,SPY,SELL,0.007910211553976462,184.96829713931658,0.0007315691805753867,STRONG_BULL,False
2016-07-01,2016-08-01,QQQ,SELL,0.2685026186089074,107.57848034002947,0.014442551838632389,STRONG_BULL,False
2016-08-01,2016-09-01,SPY,SELL,0.040496882271287865,186.05675146683373,0.003767359179965316,STRONG_BULL,False
2016-08-01,2016-09-01,QQQ,SELL,0.07410203659335686,108.94229346804534,0.004036422908566658,STRONG_BULL,False
2016-09-01,2016-10-01,QQQ,SELL,0.09980667994858868,110.89701425956947,0.005534131404729463,STRONG_BULL,False
2016-09-01,2016-10-01,SPY,BUY,0.1545260996880358,184.80394028188198,0.014278516049369956,STRONG_BULL,False
2016-10-01,2016-11-01,QQQ,SELL,0.01278770092192255,109.60632297463609,0.0007008064386756473,STRONG_BULL,False
2016-10-01,2016-11-01,SPY,BUY,0.0007462366148060299,182.32923641729738,6.803037608210616e-05,STRONG_BULL,False
2016-11-01,2016-12-01,SPY,SELL,0.25441384848061704,190.04628636713775,0.02417520355205647,STRONG_BULL,False
2016-11-01,2016-12-01,QQQ,BUY,0.13043106553340528,110.22782735611521,0.007188566486745173,STRONG_BULL,False
2016-12-01,2017-01-01,SPY,SELL,0.06608620051160381,193.7571584721416,0.006402337212674273,STRONG_BULL,False
2016-12-01,2017-01-01,QQQ,SELL,0.007496926992250943,111.88160300850731,0.0004193841047653914,STRONG_BULL,False
2017-01-01,2017-02-01,QQQ,SELL,0.22183347857402558,117.67875896185976,0.013052544227391818,STRONG_BULL,False
2017-01-01,2017-02-01,SPY,BUY,0.12709435077308234,195.97938947145707,0.012453936634889941,STRONG_BULL,False
2017-02-01,2017-03-01,SPY,SELL,0.2507295308622605,206.1442583396361,0.0258432265917228,STRONG_BULL,False
2017-02-01,2017-03-01,QQQ,SELL,0.09051981688830839,122.9995789120147,0.005566949680227304,STRONG_BULL,False
2017-03-01,2017-04-01,QQQ,SELL,0.0544321035616812,124.5412089549853,0.003389519991767369,STRONG_BULL,False
2017-03-01,2017-04-01,SPY,BUY,0.20652917740570542,203.98623329011187,0.021064554481747565,STRONG_BULL,False
2017-04-01,2017-05-01,SPY,SELL,0.010597844460160233,206.39507359292094,0.0010936714436405503,STRONG_BULL,False
2017-04-01,2017-05-01,QQQ,SELL,0.12840775819143754,128.25417258099924,0.008234415389911926,STRONG_BULL,False
2017-05-01,2017-06-01,SPY,SELL,0.03228800896352545,210.2604287597768,0.0033944453042351885,STRONG_BULL,False
2017-05-01,2017-06-01,QQQ,SELL,0.1644973515414408,133.44836133076532,0.010975951003228058,STRONG_BULL,False
2017-06-01,2017-07-01,SPY,SELL,0.05941359568811542,211.05121471837288,0.00626965577038152,STRONG_BULL,False
2017-06-01,2017-07-01,QQQ,BUY,0.1592776006855054,130.38062972186947,0.010383356938982331,STRONG_BULL,False
2017-07-01,2017-08-01,QQQ,SELL,0.12921333046282524,135.46547311107392,0.00875197247170208,STRONG_BULL,False
2017-07-01,2017-08-01,SPY,BUY,0.019122926889240006,215.11702447017174,0.002056833565786974,STRONG_BULL,False
2017-08-01,2017-09-01,SPY,SELL,0.012264184310331312,216.4997977803292,0.0013275967115637076,STRONG_BULL,False
2017-08-01,2017-09-01,QQQ,SELL,0.10110528192097659,138.28412840403837,0.006990627893743414,STRONG_BULL,False
2017-09-01,2017-10-01,SPY,SELL,0.03820999525302479,219.61739035878568,0.004195789721545447,STRONG_BULL,False
2017-09-01,2017-10-01,QQQ,BUY,0.11196920423759359,137.6590514167407,0.007706787221617218,STRONG_BULL,False
2017-10-01,2017-11-01,SPY,SELL,0.03463318980224549,225.33733815073353,0.0039020754008535635,STRONG_BULL,False
2017-10-01,2017-11-01,QQQ,SELL,0.1674801372632033,144.3014003818195,0.012083809171609792,STRONG_BULL,False
2017-11-01,2017-12-01,SPY,SELL,0.11412294758801479,232.38747761853912,0.013260371964185752,STRONG_BULL,False
2017-11-01,2017-12-01,QQQ,BUY,0.07140918334089058,146.02470768302197,0.005213752561618435,STRONG_BULL,False
2017-12-01,2018-01-01,SPY,SELL,0.04008469604445488,235.09087105300716,0.004711773054492964,STRONG_BULL,False
2017-12-01,2018-01-01,QQQ,SELL,0.0458868116903689,148.20029714834175,0.0034002195638513366,STRONG_BULL,False
2018-01-01,2018-02-01,QQQ,SELL,0.14271592873160283,159.12412295572418,0.011354773495613967,STRONG_BULL,False
2018-01-01,2018-02-01,SPY,BUY,0.021188565832533167,246.80186992586428,0.0026146888342582315,STRONG_BULL,False
2018-02-01,2018-03-01,QQQ,SELL,0.14244814511401893,158.6237444564465,0.011297829084430474,STRONG_BULL,False
2018-02-01,2018-03-01,SPY,BUY,0.07928839505233737,239.27407785094815,0.009485828805214851,STRONG_BULL,False
2018-03-01,2018-04-01,SPY,BUY,0.1083085875573912,231.46316574451183,0.012534724276675206,STRONG_BULL,False
2018-03-01,2018-04-01,QQQ,BUY,0.17185273221473726,150.80500062959007,0.012958125694920114,STRONG_BULL,False
2018-04-01,2018-05-01,SPY,SELL,0.01112698445946302,232.53378840866725,0.0012936999249616513,STRONG_BULL,False
2018-04-01,2018-05-01,QQQ,SELL,0.036016896512380686,152.19534262004044,0.0027408019524061593,STRONG_BULL,False
2018-05-01,2018-06-01,SPY,SELL,0.13833782332894762,241.1375468739819,0.016679221678714367,STRONG_BULL,False
2018-05-01,2018-06-01,QQQ,SELL,0.2554728966672286,162.40284439519922,0.02074476254231937,STRONG_BULL,False
2018-06-01,2018-07-01,SPY,BUY,0.2142651407956463,238.6659943924386,0.02556890144581439,STRONG_BULL,False
2018-06-01,2018-07-01,QQQ,BUY,0.07021249075820221,161.63134213989602,0.0056742695581166345,STRONG_BULL,False
2018-07-01,2018-08-01,SPY,SELL,0.20839557765123456,249.23717313473057,0.02596996233378647,STRONG_BULL,False
2018-07-01,2018-08-01,QQQ,SELL,0.07448585023313356,168.0467949180078,0.00625855419921042,STRONG_BULL,False
2018-08-01,2018-09-01,SPY,SELL,0.0423092894578771,257.72806646799654,0.005452145682806726,STRONG_BULL,False
2018-08-01,2018-09-01,QQQ,SELL,0.14126272407078538,177.1255941921383,0.012510621969118969,STRONG_BULL,False
2018-09-01,2018-10-01,SPY,SELL,0.0617856629310492,259.746634116057,0.008024308991484631,STRONG_BULL,False
2018-09-01,2018-10-01,QQQ,SELL,0.007803689092651294,177.87755730865933,0.0006940505768985201,STRONG_BULL,False
2018-10-01,2018-11-01,SPY,BUY,0.16329567576242562,241.6055046840443,0.01972656707765145,STRONG_BULL,False
2018-10-01,2018-11-01,QQQ,BUY,0.21589960840893177,161.9507968587029,0.017482556811654205,STRONG_BULL,False
2018-11-01,2018-12-01,SPY,SELL,0.34290808447396404,250.68267592710652,0.042980558106485794,STRONG_BULL,False
2018-11-01,2018-12-01,QQQ,SELL,0.06480807576511123,165.25119281708606,0.00535480591218236,STRONG_BULL,False
2018-12-01,2019-01-01,SPY,BUY,0.7792304863500241,220.092776469572,0.08575150062525586,STRONG_BULL,False
2018-12-01,2019-01-01,QQQ,BUY,0.43596753472507666,144.1930644063154,0.03143174740683776,STRONG_BULL,False
2019-01-01,2019-02-01,SPY,SELL,0.3685982600909334,241.62226637248068,0.04453077349206221,STRONG_BULL,False
2019-01-01,2019-02-01,QQQ,SELL,0.2470889536478023,159.7335405122399,0.0197341966938141,STRONG_BULL,False
2019-02-01,2019-03-01,SPY,SELL,0.215597577693067,251.9306102786244,0.027157814661403757,STRONG_BULL,False
2019-02-01,2019-03-01,QQQ,SELL,0.11937888555563474,166.8238631618433,0.009957623434173281,STRONG_BULL,False
2019-02-01,2019-03-01,DIA,BUY,4.716060673309645,228.14140130036682,0.537964345313207,STRONG_BULL,False
2019-03-01,2019-04-01,QQQ,SELL,0.1460098533451854,173.5851478926666,0.012672570993355286,STRONG_BULL,False
2019-03-01,2019-04-01,SPY,BUY,0.022426512828860854,255.85989595578693,0.002869022619521729,STRONG_BULL,False
2019-03-01,2019-04-01,DIA,BUY,0.07663244946847565,228.347741065642,0.008749423364226686,STRONG_BULL,False
2019-04-01,2019-05-01,QQQ,SELL,0.0638093764992609,182.45040254094738,0.005821023214088509,STRONG_BULL,False
2019-04-01,2019-05-01,SPY,BUY,0.06487661492303703,264.86488797856936,0.008591768672009493,STRONG_BULL,False
2019-04-01,2019-05-01,DIA,BUY,0.08355972219325512,233.50848364540386,0.009755952011589101,STRONG_BULL,False
2019-05-01,2019-06-01,SPY,SELL,0.0811496193492227,248.52491273046255,0.010083851033437913,STRONG_BULL,False
2019-05-01,2019-06-01,DIA,SELL,0.007319330266732706,218.05213567473277,0.000797997798184889,STRONG_BULL,False
2019-05-01,2019-06-01,QQQ,BUY,0.14677738574438626,166.3390834043087,0.012207407904600927,STRONG_BULL,False
2019-06-01,2019-07-01,SPY,SELL,0.07375608865930323,267.8159197379426,0.009876527360282265,STRONG_BULL,False
2019-06-01,2019-07-01,QQQ,SELL,0.14926838515992263,182.4129418123877,0.013614242628303021,STRONG_BULL,False
2019-06-01,2019-07-01,DIA,SELL,0.0470009394068582,235.90268807733253,0.0055438239741188375,STRONG_BULL,False
2019-07-01,2019-08-01,SPY,BUY,0.16177139098639012,268.75394384016056,0.021738349664050475,STRONG_BULL,False
2019-07-01,2019-08-01,QQQ,BUY,0.06202583221764904,183.5502472714368,0.005692428420383067,STRONG_BULL,False
2019-07-01,2019-08-01,DIA,BUY,0.05675905295253768,236.94537367248924,0.006724397505567822,STRONG_BULL,False
2019-08-01,2019-09-01,SPY,BUY,0.030977637186412044,263.61709930294757,0.004083117429170532,STRONG_BULL,False
2019-09-01,2019-10-01,SPY,SELL,0.08426647442838249,270.01395335064916,0.01137656194766447,STRONG_BULL,False
2019-09-01,2019-10-01,DIA,SELL,0.027139114389382206,238.39927455247704,0.0032349725912127047,STRONG_BULL,False
2019-09-01,2019-10-01,QQQ,BUY,0.05728943762336746,182.06609902466235,0.005215232211701618,STRONG_BULL,False
2019-10-01,2019-11-01,SPY,SELL,0.013445111937248882,276.5254274237316,0.0018589576626038319,STRONG_BULL,False
2019-10-01,2019-11-01,QQQ,SELL,0.1304503994284991,190.0893213980024,0.012398613951730877,STRONG_BULL,False
2019-10-01,2019-11-01,DIA,BUY,0.06434780244829338,240.79608235632813,0.007747349368893993,STRONG_BULL,False
2019-11-01,2019-12-01,QQQ,SELL,0.004461808340221727,197.41196727750918,0.0004404071810291845,STRONG_BULL,False
2019-11-01,2019-12-01,DIA,SELL,0.0031092200104733173,249.95161971914732,0.0003885772888404949,STRONG_BULL,False
2019-11-01,2019-12-01,SPY,BUY,0.012285165473263335,286.8122073979741,0.001761767713818017,STRONG_BULL,False
2019-12-01,2020-01-01,QQQ,SELL,0.09908679039009251,206.35332286920485,0.01022344422471999,STRONG_BULL,False
2019-12-01,2020-01-01,SPY,BUY,0.002399331991859172,294.9719836015504,0.0003538678584786794,STRONG_BULL,False
2019-12-01,2020-01-01,DIA,BUY,0.0503278872614457,254.60478410894936,0.006406860435429962,STRONG_BULL,False
2020-01-01,2020-02-01,QQQ,SELL,0.13564134170255635,211.8778998008439,0.01436970130305313,STRONG_BULL,False
2020-01-01,2020-02-01,DIA,SELL,4.963118983560206,252.75367274950122,0.6272232756938068,STRONG_BULL,False
2020-01-01,2020-02-01,SPY,BUY,0.0592350485954286,294.79872538703904,0.008731208412085835,STRONG_BULL,False
2020-01-01,2020-02-01,XLK,BUY,12.92847906745045,45.221608464565016,0.29232330921528443,STRONG_BULL,False
2020-01-01,2020-02-01,XLY,BUY,11.468330815705434,59.62644419750809,0.34190789371061125,STRONG_BULL,False
2020-02-01,2020-03-01,SPY,SELL,0.0192599287865369,273.36793462304814,0.002632523476681291,STRONG_BULL,False
2020-02-01,2020-03-01,QQQ,SELL,0.15474366735050699,201.46890562130713,0.015588018656467119,STRONG_BULL,False
2020-02-01,2020-03-01,XLK,SELL,0.13178181040820897,42.8305060095517,0.0028221408113191983,STRONG_BULL,False
2020-02-01,2020-03-01,XLY,SELL,0.11929953916779153,55.215281548776844,0.00329357882189447,STRONG_BULL,False
2020-03-01,2020-04-01,XLY,SELL,11.349031276537643,44.84044589986254,0.254447811485717,STRONG_BULL,False
2020-03-01,2020-04-01,SPY,BUY,0.8777886459501474,227.41322824638155,0.09981037484677154,STRONG_BULL,False
2020-03-01,2020-04-01,QQQ,BUY,0.02384751754857273,178.28561654413465,0.0021258346845971802,STRONG_BULL,False
2020-03-01,2020-04-01,XLK,BUY,1.0912928614077304,36.95585441826898,0.020164830056940135,STRONG_BULL,False
2020-03-01,2020-04-01,XLV,BUY,4.46291317422458,77.43383353470283,0.17279023790636916,STRONG_BULL,False
2020-04-01,2020-05-01,SPY,SELL,0.21256306773087225,261.5424583669057,0.027797133646171705,STRONG_BULL,False
2020-04-01,2020-05-01,QQQ,SELL,0.1419228771878399,206.88949711930204,0.01468117634555833,STRONG_BULL,False
2020-04-01,2020-05-01,XLV,SELL,4.46291317422458,89.12808119898777,0.19888544388816032,STRONG_BULL,False
2020-04-01,2020-05-01,XLK,BUY,0.3274317975024069,42.58091530977315,0.0069711728195883905,STRONG_BULL,False
2020-04-01,2020-05-01,XLY,BUY,8.715046457936344,53.73496034889375,0.23415133792798817,STRONG_BULL,False
2020-05-01,2020-06-01,SPY,SELL,0.15284929744925563,279.55194755016765,0.02136465939180714,STRONG_BULL,False
2020-05-01,2020-06-01,QQQ,SELL,0.15158687259297937,224.60222334864852,0.017023374307425742,STRONG_BULL,False
2020-05-01,2020-06-01,XLK,SELL,0.5885768831782549,46.55305948030149,0.013700027325663881,STRONG_BULL,False
2020-05-01,2020-06-01,XLY,BUY,1.662243960638691,59.25471153309146,0.049247893192634534,STRONG_BULL,False
2020-06-01,2020-07-01,QQQ,SELL,0.16746497752908146,239.2690173142307,0.020034590303966524,STRONG_BULL,False
2020-06-01,2020-07-01,XLK,SELL,0.2165522299544569,49.91885655301669,0.005405019851666209,STRONG_BULL,False
2020-06-01,2020-07-01,XLY,SELL,0.1820211701662371,60.9220940777232,0.00554455542650238,STRONG_BULL,False
2020-06-01,2020-07-01,SPY,BUY,0.17907664713993568,285.1443799354068,0.025531349754814296,STRONG_BULL,False
2020-07-01,2020-08-01,QQQ,SELL,0.09709554951848777,258.94091358516545,0.012571005148685447,STRONG_BULL,False
2020-07-01,2020-08-01,XLK,SELL,0.17913565033991438,53.437432287958934,0.0047862745926993315,STRONG_BULL,False
2020-07-01,2020-08-01,XLY,SELL,0.04630405488099834,65.4713774065352,0.0015157951262833801,STRONG_BULL,False
2020-07-01,2020-08-01,SPY,BUY,0.027782007271857073,302.4150304714063,0.004200848287837743,STRONG_BULL,False
2020-08-01,2020-09-01,QQQ,SELL,0.12310750626810711,287.55960135427586,0.01770037271308795,STRONG_BULL,False
2020-08-01,2020-09-01,XLK,SELL,0.42435412253208865,59.64679337446475,0.012655681332136895,STRONG_BULL,False
2020-08-01,2020-09-01,XLY,SELL,0.05643209230926346,71.71658275659317,0.002023558409112499,STRONG_BULL,False
2020-08-01,2020-09-01,SPY,BUY,0.17495505328981487,323.8690520502654,0.028331263630188005,STRONG_BULL,False
2020-09-01,2020-10-01,SPY,SELL,0.07465611713948109,312.1659751665791,0.011652549804498235,STRONG_BULL,False
2020-09-01,2020-10-01,XLK,SELL,0.0194305603720297,56.61325776589574,0.0005500136614387583,STRONG_BULL,False
2020-09-01,2020-10-01,XLY,SELL,0.17406438453134868,70.85727942594245,0.006166864366421235,STRONG_BULL,False
2020-09-01,2020-10-01,QQQ,BUY,0.06673032271373985,272.37360432307617,0.009087789257591681,STRONG_BULL,False
2020-10-01,2020-11-01,SPY,SELL,0.08870013683553823,305.24207224267343,0.01353750678794419,STRONG_BULL,False
2020-10-01,2020-11-01,XLY,SELL,0.07187666850924679,69.14349052575223,0.0024849018740458694,STRONG_BULL,False
2020-10-01,2020-11-01,QQQ,BUY,0.03677168425197611,262.7657872352585,0.00483117028021843,STRONG_BULL,False
2020-10-01,2020-11-01,XLK,BUY,0.40666642166963524,53.471906238271735,0.010872614384886107,STRONG_BULL,False
2020-11-01,2020-12-01,SPY,SELL,0.047148114804974064,339.3791684491592,0.008000543998228794,STRONG_BULL,False
2020-11-01,2020-12-01,QQQ,SELL,0.02285779053449301,292.2914113111766,0.003340567927391108,STRONG_BULL,False
2020-11-01,2020-12-01,XLK,SELL,0.10816877514679205,59.70897247706576,0.0032293232090588606,STRONG_BULL,False
2020-11-01,2020-12-01,XLY,BUY,0.10582452692974785,75.83029223942994,0.004012352401591102,STRONG_BULL,False
2020-12-01,2021-01-01,QQQ,SELL,0.019670480201884832,305.01030107709414,0.0029998495443539566,STRONG_BULL,False
2020-12-01,2021-01-01,SPY,BUY,0.17139696782480435,348.5607057458383,0.02987112403385527,STRONG_BULL,False
2020-12-01,2021-01-01,XLK,BUY,0.013614979379854635,62.69790437962027,0.0004268153376443138,STRONG_BULL,False
2020-12-01,2021-01-01,XLY,BUY,0.07146582351816128,77.40439677094427,0.002765884479581018,STRONG_BULL,False
2021-01-01,2021-02-01,SPY,SELL,0.020530409676057137,346.9452395215307,0.0035614639512673977,STRONG_BULL,False
2021-01-01,2021-02-01,QQQ,SELL,0.07905260956014004,307.914010453398,0.012170703023234676,STRONG_BULL,False
2021-01-01,2021-02-01,XLK,SELL,0.4309934925772238,62.567320964004814,0.013483054091738295,STRONG_BULL,False
2021-01-01,2021-02-01,XLY,BUY,0.11597135235516842,78.4139409566424,0.004546885388120075,STRONG_BULL,False
2021-02-01,2021-03-01,SPY,SELL,0.23867486372989455,359.1372301575418,0.04285851473409154,STRONG_BULL,False
2021-02-01,2021-03-01,XLK,SELL,0.08132918230771292,63.87688575083704,0.002597527443239388,STRONG_BULL,False
2021-02-01,2021-03-01,QQQ,BUY,0.06271683202558964,309.55098706163653,0.009707028629450064,STRONG_BULL,False
2021-02-01,2021-03-01,XLY,BUY,0.2321870797160607,78.18388986413866,0.009076644534198238,STRONG_BULL,False
2021-03-01,2021-04-01,XLY,SELL,0.03572494767613009,81.23755117062363,0.001451103632453735,STRONG_BULL,False
2021-03-01,2021-04-01,SPY,BUY,0.042443604967753026,371.2168883521586,0.007877891483288749,STRONG_BULL,False
2021-03-01,2021-04-01,QQQ,BUY,0.1266972529929884,313.2353474904934,0.019843029033674835,STRONG_BULL,False
2021-03-01,2021-04-01,XLK,BUY,0.3352119571026313,64.55151572075533,0.010819219959347834,STRONG_BULL,False
2021-04-01,2021-05-01,XLY,SELL,0.020498182597800306,86.17148110037371,0.0008831793771591792,STRONG_BULL,False
2021-04-01,2021-05-01,SPY,BUY,0.02449366953369736,390.81199038927895,0.0047862098712007535,STRONG_BULL,False
2021-04-01,2021-05-01,QQQ,BUY,0.02379990517389909,328.90343143163506,0.003913935239721468,STRONG_BULL,False
2021-04-01,2021-05-01,XLK,BUY,0.05713302129238097,67.52760750420164,0.0019290281186805486,STRONG_BULL,False
2021-05-01,2021-06-01,SPY,SELL,0.18225718127214685,394.8679002928659,0.03598375524111444,STRONG_BULL,False
2021-05-01,2021-06-01,QQQ,BUY,0.04138832485063485,325.4701357383324,0.00673533185355916,STRONG_BULL,False
2021-05-01,2021-06-01,XLK,BUY,0.36872852445762033,66.96263901541815,0.012345517538971706,STRONG_BULL,False
2021-05-01,2021-06-01,XLY,BUY,0.07383781386893089,83.44465561870662,0.0030806854749655488,STRONG_BULL,False
2021-06-01,2021-07-01,QQQ,SELL,0.10156999716908288,343.55241776156095,0.017447309049736664,STRONG_BULL,False
2021-06-01,2021-07-01,XLK,SELL,0.4750672977423685,70.9995703993605,0.016864787025246623,STRONG_BULL,False
2021-06-01,2021-07-01,SPY,BUY,0.27985136055700255,400.9152232099605,0.05609833534166091,STRONG_BULL,False
2021-06-01,2021-07-01,XLY,BUY,0.20498438363849555,85.90188909840336,0.008804272895109306,STRONG_BULL,False
2021-07-01,2021-08-01,SPY,SELL,0.019890055702433195,411.4730601340877,0.004092111043058825,STRONG_BULL,False
2021-07-01,2021-08-01,QQQ,SELL,0.04741510130844713,355.3997894643967,0.008425658511227575,STRONG_BULL,False
2021-07-01,2021-08-01,XLY,SELL,0.21594479104679654,87.26356174600697,0.009422055803620351,STRONG_BULL,False
2021-07-01,2021-08-01,XLK,BUY,0.1213239310529299,74.22147249559013,0.004502420405850955,STRONG_BULL,False
2021-08-01,2021-09-01,QQQ,SELL,0.04991616425735041,370.13113106762245,0.009237763167565168,STRONG_BULL,False
2021-08-01,2021-09-01,XLK,SELL,0.18045710782072188,76.88830089073629,0.006937520201995852,STRONG_BULL,False
2021-08-01,2021-09-01,SPY,BUY,0.006941472107850306,424.4164659724853,0.0014730375303302027,STRONG_BULL,False
2021-08-01,2021-09-01,XLY,BUY,0.2782533125273211,88.57300944287928,0.012322866638997428,STRONG_BULL,False
2021-09-01,2021-10-01,XLY,SELL,0.21032019854880626,86.65419755976606,0.00911256401792874,STRONG_BULL,False
2021-09-01,2021-10-01,SPY,BUY,0.0075582123979318775,404.17844980687903,0.00152743328515362,STRONG_BULL,False
2021-09-01,2021-10-01,QQQ,BUY,0.06496413178638703,348.47301176430665,0.01131912333012781,STRONG_BULL,False
2021-09-01,2021-10-01,XLK,BUY,0.08811666865650904,72.31096705819449,0.0031859007622493324,STRONG_BULL,False
2021-10-01,2021-11-01,QQQ,SELL,0.0011237506216061192,375.49310951124187,0.00021098030761103632,STRONG_BULL,False
2021-10-01,2021-11-01,XLK,SELL,0.07227664799261162,77.91082221185775,0.0028155665359106945,STRONG_BULL,False
2021-10-01,2021-11-01,XLY,SELL,0.36873121498912864,97.35386150102205,0.01794870381757761,STRONG_BULL,False
2021-10-01,2021-11-01,SPY,BUY,0.12400207908539544,431.6750599227444,0.026764302459866485,STRONG_BULL,False
2021-11-01,2021-12-01,SPY,SELL,0.01567087147939951,434.27906172076945,0.0034027656812101927,STRONG_BULL,False
2021-11-01,2021-12-01,QQQ,SELL,0.13471788136012958,387.3717545078899,0.026092951033029575,STRONG_BULL,False
2021-11-01,2021-12-01,XLK,SELL,0.3334408520551248,82.39293477403267,0.01373658518718789,STRONG_BULL,False
2021-11-01,2021-12-01,XLY,SELL,0.41219808932460833,99.48207663617559,0.02050316095573792,STRONG_BULL,False
2021-12-01,2022-01-01,XLY,SELL,0.12147429703508023,100.22307737151598,0.0060872639351986805,STRONG_BULL,False
2021-12-01,2022-01-01,SPY,BUY,0.018938154277896,448.2493906863485,0.004244508057895473,STRONG_BULL,False
2021-12-01,2022-01-01,QQQ,BUY,0.16025825116693176,388.27593923091877,0.03111221149567246,STRONG_BULL,False
2021-12-01,2022-01-01,XLK,BUY,0.5862690576432351,84.16625577662201,0.02467203572975984,STRONG_BULL,False
2022-01-01,2022-02-01,SPY,SELL,0.16357061512627868,423.96852380989316,0.03467439611688228,STRONG_BULL,False
2022-01-01,2022-02-01,QQQ,BUY,0.1261254994882953,354.59068486067616,0.022361463620974745,STRONG_BULL,False
2022-01-01,2022-02-01,XLK,BUY,0.21778061437528262,78.40852558575416,0.008537928437162804,STRONG_BULL,False
2022-01-01,2022-02-01,XLY,BUY,0.3362946697661194,89.20143603403909,0.014998983736865399,STRONG_BULL,False
2022-02-01,2022-03-01,SPY,SELL,0.055048621610610055,410.526919805527,0.011299470534671856,STRONG_BULL,False
2022-02-01,2022-03-01,XLY,SELL,0.11133174951876312,85.38001967524858,0.0047527534821959205,STRONG_BULL,False
2022-02-01,2022-03-01,QQQ,BUY,0.08264138819289613,336.83095191429743,0.013918088726266093,STRONG_BULL,False
2022-02-01,2022-03-01,XLK,BUY,0.3264793996736419,74.33975150226404,0.012135198721173442,STRONG_BULL,False
2022-03-01,2022-04-01,SPY,SELL,0.03167079341141799,427.76752339777823,0.006773868430822473,STRONG_BULL,False
2022-03-01,2022-04-01,QQQ,SELL,0.05133076804064905,353.30944187523454,0.009067822503734422,STRONG_BULL,False
2022-03-01,2022-04-01,XLK,SELL,0.3404228609269288,77.02116135278824,0.013109882049815388,STRONG_BULL,False
2022-03-01,2022-04-01,XLY,SELL,9.76918753976083,89.64008937145697,0.4378554220753423,STRONG_BULL,False
2022-03-01,2022-04-01,XLV,BUY,7.069622392055829,128.03712035440702,0.45258704653593157,STRONG_BULL,False
2022-04-01,2022-05-01,SPY,SELL,0.07160551642855267,388.8513377900427,0.013921950428194795,STRONG_BULL,False
2022-04-01,2022-05-01,XLK,SELL,0.49021409114086645,68.38902955980082,0.016762632984831802,STRONG_BULL,False
2022-04-01,2022-05-01,QQQ,BUY,0.2656137797752745,304.76006245329285,0.040474236056383915,STRONG_BULL,False
2022-04-01,2022-05-01,XLV,BUY,0.0648293328528076,121.33559764871555,0.00393305292343146,STRONG_BULL,False
2022-05-01,2022-06-01,SPY,SELL,0.17164161000048048,393.4689404219514,0.033767821209603435,STRONG_BULL,False
2022-05-01,2022-06-01,XLK,SELL,0.08405547997361662,68.90652254104913,0.002895985412750359,STRONG_BULL,False
2022-05-01,2022-06-01,XLV,SELL,0.16104945145202526,124.16623512681299,0.009998452028018212,STRONG_BULL,False
2022-05-01,2022-06-01,QQQ,BUY,0.026524945105884892,303.04247580932775,0.004019092517796935,STRONG_BULL,False
2022-06-01,2022-07-01,XLK,SELL,0.15186118894567785,61.31496812910082,0.004655681980125798,STRONG_BULL,False
2022-06-01,2022-07-01,XLV,SELL,0.014807616283077155,120.03078814202848,0.0008886849264812427,STRONG_BULL,False
2022-06-01,2022-07-01,SPY,BUY,0.21476234790751741,357.01987991509526,0.03833721383011289,STRONG_BULL,False
2022-06-01,2022-07-01,QQQ,BUY,0.07197196392425952,272.2765404620907,0.00979813867377989,STRONG_BULL,False
2022-07-01,2022-08-01,QQQ,SELL,0.06920112390610154,306.02393156842714,0.010588600003349534,STRONG_BULL,False
2022-07-01,2022-08-01,XLK,SELL,0.06209811376191122,69.37250466556817,0.0021539508433355845,STRONG_BULL,False
2022-07-01,2022-08-01,SPY,BUY,0.0656313384468735,387.9187889558034,0.012729814663929811,STRONG_BULL,False
2022-08-01,2022-09-01,SPY,SELL,0.0943756818003523,373.88310624857024,0.01764273653292119,STRONG_BULL,False
2022-08-01,2022-09-01,QQQ,BUY,0.033880111830133924,290.1417798454317,0.004915017973878662,STRONG_BULL,False
2022-08-01,2022-09-01,XLK,BUY,0.17202465236585363,65.20025699453765,0.005608025771824828,STRONG_BULL,False
2022-08-01,2022-09-01,XLV,BUY,0.1213485033037086,117.05226969087,0.007102058867644564,STRONG_BULL,False
2022-09-01,2022-10-01,SPY,SELL,0.14909627492523825,343.61195584330596,0.025615631318006187,STRONG_BULL,False
2022-09-01,2022-10-01,XLK,SELL,0.5025139703351871,58.254838064991716,0.014636934983636189,STRONG_BULL,False
2022-09-01,2022-10-01,QQQ,BUY,0.01305912623841713,263.1048500149068,0.0017179597251422364,STRONG_BULL,False
2022-09-01,2022-10-01,XLV,BUY,0.04541765470282007,114.63716981449572,0.0026032756973716573,STRONG_BULL,False
2022-10-01,2022-11-01,SPY,SELL,0.08551008446019222,371.26613657318626,0.01587349934779121,STRONG_BULL,False
2022-10-01,2022-11-01,XLK,SELL,0.3370440155109104,62.994256753960265,0.010615918625240028,STRONG_BULL,False
2022-10-01,2022-11-01,QQQ,BUY,0.15157600405391264,275.25925583922304,0.020861349039481523,STRONG_BULL,False
2022-10-01,2022-11-01,XLV,BUY,0.021245227590384608,124.89897522897152,0.0013267535772726548,STRONG_BULL,False
2022-11-01,2022-12-01,XLV,SELL,0.0659718718251358,131.88096829447304,0.004350217168248887,STRONG_BULL,False
2022-11-01,2022-12-01,SPY,BUY,0.028038622043238023,390.9375183430077,0.005480674659670512,STRONG_BULL,False
2022-11-01,2022-12-01,QQQ,BUY,0.05119531030842656,287.86656992828057,0.00736870918745035,STRONG_BULL,False
2022-11-01,2022-12-01,XLK,BUY,0.11677047184494042,66.43706931394583,0.0038789439658922335,STRONG_BULL,False
2022-12-01,2023-01-01,SPY,SELL,0.030121939341906268,367.45490005869544,0.005534227105227127,STRONG_BULL,False
2022-12-01,2023-01-01,XLK,SELL,0.16692630746544823,61.37444567693274,0.005122504794794562,STRONG_BULL,False
2022-12-01,2023-01-01,XLV,SELL,0.08263731297731348,128.24014134307146,0.005298710348211158,STRONG_BULL,False
2022-12-01,2023-01-01,QQQ,BUY,0.15374174204178143,263.3230852597746,0.02024187492382714,STRONG_BULL,False
2023-01-01,2023-02-01,QQQ,SELL,0.17484875743085943,288.4568005588661,0.025218156575099487,STRONG_BULL,False
2023-01-01,2023-02-01,SPY,BUY,0.1322146654196598,387.5327496169602,0.025618756414883592,STRONG_BULL,False
2023-01-01,2023-02-01,XLK,BUY,0.31370492817479045,66.32478236250593,0.010403205543619265,STRONG_BULL,False
2023-01-01,2023-02-01,XLV,BUY,0.2010851718347871,125.83809856074487,0.012652087836225128,STRONG_BULL,False
2023-02-01,2023-03-01,QQQ,SELL,0.10776567308065067,287.7749392320772,0.015506130011044074,STRONG_BULL,False
2023-02-01,2023-03-01,XLV,SELL,0.07123617806871514,119.83947937439687,0.004268453246188326,STRONG_BULL,False
2023-02-01,2023-03-01,SPY,BUY,0.0016988976522657134,379.6036219918115,0.000322453851096725,STRONG_BULL,False
2023-02-01,2023-03-01,XLK,BUY,0.4226589484074855,66.823464289432,0.014121767572758246,STRONG_BULL,False
2023-03-01,2023-04-01,QQQ,SELL,0.17766794189495672,312.80786148825723,0.027787964479590678,STRONG_BULL,False
2023-03-01,2023-04-01,XLK,SELL,0.12087371247267281,73.40404761463395,0.004436309872850824,STRONG_BULL,False
2023-03-01,2023-04-01,XLV,SELL,0.021307207469529226,122.68017174880859,0.0013069859359246714,STRONG_BULL,False
2023-03-01,2023-04-01,SPY,BUY,0.19774634477657513,392.50629852751837,0.038808342917799984,STRONG_BULL,False
2023-04-01,2023-05-01,XLV,SELL,0.22330436572587878,126.61929609414601,0.014137320801480257,STRONG_BULL,False
2023-04-01,2023-05-01,SPY,BUY,0.02591845402810752,398.86160264090245,0.0051689380558127595,STRONG_BULL,False
2023-04-01,2023-05-01,QQQ,BUY,0.017276908261003605,316.19213693757325,0.0027314112713605716,STRONG_BULL,False
2023-04-01,2023-05-01,XLK,BUY,0.16878533129138132,73.73675391128062,0.006222841218633278,STRONG_BULL,False
2023-05-01,2023-06-01,QQQ,SELL,0.3037652383301474,341.69419380996266,0.05189740910935545,STRONG_BULL,False
2023-05-01,2023-06-01,SPY,BUY,0.1824027234898291,402.8679304302912,0.03674210385859806,STRONG_BULL,False
2023-05-01,2023-06-01,XLK,BUY,0.000240905746825785,80.28944440829225,9.671094283703496e-06,STRONG_BULL,False
2023-05-01,2023-06-01,XLV,BUY,0.02121470044372289,121.70306269641684,0.0012909470090940545,STRONG_BULL,False
2023-06-01,2023-07-01,QQQ,SELL,0.012752668102553226,363.6464744999472,0.0023187313979807058,STRONG_BULL,False
2023-06-01,2023-07-01,SPY,BUY,0.030542066151869916,426.79387988807804,0.006517583456377452,STRONG_BULL,False
2023-06-01,2023-07-01,XLK,BUY,0.1738345469884467,85.2266466974593,0.007407667759998617,STRONG_BULL,False
2023-06-01,2023-07-01,XLV,BUY,0.034855959022607914,125.88827532054923,0.0021939782829999235,STRONG_BULL,False
2023-07-01,2023-08-01,QQQ,SELL,0.009924501879093713,375.6739867905529,0.0018641885939147346,STRONG_BULL,False
2023-07-01,2023-08-01,XLV,SELL,0.05342904146531717,127.25457144412982,0.0033995448871697895,STRONG_BULL,False
2023-07-01,2023-08-01,SPY,BUY,0.013856161291660925,439.657825451707,0.0030459848712998793,STRONG_BULL,False
2023-07-01,2023-08-01,XLK,BUY,0.050769354169946775,87.15838690596225,0.0022124875068550245,STRONG_BULL,False
2023-08-01,2023-09-01,SPY,SELL,0.16277944139770742,438.0357039594226,0.035651603601383176,STRONG_BULL,False
2023-08-01,2023-09-01,QQQ,SELL,0.06206280666741471,374.3382410734351,0.011616240941980343,STRONG_BULL,False
2023-08-01,2023-09-01,XLV,SELL,0.13945059420913578,128.15845686927466,0.008935886481673126,STRONG_BULL,False
2023-08-01,2023-09-01,XLK,BUY,0.2111499839880279,86.84828691195352,0.00916900719542332,STRONG_BULL,False
2023-09-01,2023-10-01,XLV,SELL,0.15723150609833056,122.5161847243415,0.009631702122814747,STRONG_BULL,False
2023-09-01,2023-10-01,SPY,BUY,0.1535931723319322,412.5373570256887,0.031681460685503225,STRONG_BULL,False
2023-09-01,2023-10-01,QQQ,BUY,0.05350375484014443,352.9677491503155,0.009442549958508038,STRONG_BULL,False
2023-09-01,2023-10-01,XLK,BUY,0.384112398416125,80.58377100219727,0.015476612776534887,STRONG_BULL,False
2023-10-01,2023-11-01,SPY,SELL,0.03539955725049709,405.20018294360807,0.0071719535370120754,STRONG_BULL,False
2023-10-01,2023-11-01,QQQ,SELL,0.004884070241904934,346.11527641901426,0.0008452256609134041,STRONG_BULL,False
2023-10-01,2023-11-01,XLK,SELL,0.2607671245259473,80.69398217173492,0.010521168848735685,STRONG_BULL,False
2023-10-01,2023-11-01,XLV,BUY,0.15382502724606886,118.80219767717307,0.009137375647292004,STRONG_BULL,False
2023-11-01,2023-12-01,QQQ,SELL,0.046712950938018874,382.53439614119776,0.008934655239524225,STRONG_BULL,False
2023-11-01,2023-12-01,XLK,SELL,0.4421211538393652,90.90348216261141,0.020095176210874952,STRONG_BULL,False
2023-11-01,2023-12-01,SPY,BUY,0.05005088583302019,442.511970770123,0.011074058064380096,STRONG_BULL,False
2023-11-01,2023-12-01,XLV,BUY,0.2930531940787598,125.80015895919246,0.018433069199303532,STRONG_BULL,False
2023-12-01,2024-01-01,XLV,SELL,0.10458958753416767,130.45837371083172,0.006822293748397097,STRONG_BULL,False
2023-12-01,2024-01-01,SPY,BUY,0.06845873984148824,458.42523771880855,0.01569160704288216,STRONG_BULL,False
2024-01-01,2024-02-01,SPY,SELL,0.02560796245547457,470.3443158706805,0.006022279790981129,STRONG_BULL,False
2024-01-01,2024-02-01,QQQ,SELL,0.06625328565523181,413.1568286386118,0.013686498694101802,STRONG_BULL,False
2024-01-01,2024-02-01,XLV,SELL,0.11667268944819785,134.78338367602763,0.007862769933205236,STRONG_BULL,False
2024-01-01,2024-02-01,XLK,BUY,0.16302456165776283,97.73032158396143,0.007966221418448756,STRONG_BULL,False
2024-02-01,2024-03-01,SPY,SELL,0.048692151826754224,495.51137068088605,0.012063757446538398,STRONG_BULL,False
2024-02-01,2024-03-01,QQQ,SELL,0.009946687747371851,434.5567250729282,0.002161200026410467,STRONG_BULL,False
2024-02-01,2024-03-01,XLK,SELL,0.011704861962822482,102.30956679879185,0.0005987596784280123,STRONG_BULL,False
2024-02-01,2024-03-01,XLV,BUY,0.11909728629725592,139.7531383212868,0.008322109762795151,STRONG_BULL,False
2024-03-01,2024-04-01,SPY,SELL,0.05632393209056535,509.96836114894853,0.01436171167084514,STRONG_BULL,False
2024-03-01,2024-04-01,QQQ,BUY,0.06982223496962568,439.7410178767574,0.015351850337986661,STRONG_BULL,False
2024-03-01,2024-04-01,XLK,BUY,0.1149282960347864,102.94238439418137,0.005915496414090626,STRONG_BULL,False
2024-03-01,2024-04-01,XLV,BUY,0.14747403075176874,142.1505462622668,0.01048175701543113,STRONG_BULL,False
2024-04-01,2024-05-01,SPY,SELL,0.012954890870676302,488.1124503382044,0.003161721763374922,STRONG_BULL,False
2024-04-01,2024-05-01,QQQ,BUY,0.029538960927798726,418.17739818545664,0.006176262912944367,STRONG_BULL,False
2024-04-01,2024-05-01,XLK,BUY,0.11725390855354485,96.28868593295495,0.0056451123875618505,STRONG_BULL,False
2024-05-01,2024-06-01,SPY,SELL,0.07452094141962709,516.682544133368,0.0192518348019533,STRONG_BULL,False
2024-05-01,2024-06-01,QQQ,SELL,0.11518689288872563,449.76225344173986,0.02590335825629278,STRONG_BULL,False
2024-05-01,2024-06-01,XLK,SELL,0.28250360101621763,104.59306300372894,0.014773958469934779,STRONG_BULL,False
2024-05-01,2024-06-01,XLV,BUY,0.25081973234554,138.80251369443306,0.017407204666862925,STRONG_BULL,False
2024-06-01,2024-07-01,QQQ,SELL,0.05814240497807374,474.9628630025289,0.013807741565119196,STRONG_BULL,False
2024-06-01,2024-07-01,XLK,SELL,0.09783375915474979,111.90278242694987,0.005473934932352291,STRONG_BULL,False
2024-06-01,2024-07-01,SPY,BUY,0.17098924038849092,533.1184231573953,0.045578757106396556,STRONG_BULL,False
2024-06-01,2024-07-01,XLV,BUY,0.03209118606523698,141.16098874244454,0.002265011777443306,STRONG_BULL,False
2024-07-01,2024-08-01,SPY,SELL,0.14189983429530065,539.6833935019454,0.038290492054925795,STRONG_BULL,False
2024-07-01,2024-08-01,QQQ,BUY,0.1031290088002658,466.9572266580827,0.02407841796868456,STRONG_BULL,False
2024-07-01,2024-08-01,XLK,BUY,0.0527273453332186,107.81195282827804,0.002842319033912645,STRONG_BULL,False
2024-07-01,2024-08-01,XLV,BUY,0.1477419451966539,145.37531535241973,0.010739015936871737,STRONG_BULL,False
2024-08-01,2024-09-01,XLK,SELL,6.325673665125471,215.1727687008706,0.6805563582116158,STRONG_BULL,False
2024-08-01,2024-09-01,SPY,BUY,0.10618385415217103,547.2200350139805,0.02905296619353521,STRONG_BULL,False
2024-08-01,2024-09-01,QQQ,BUY,0.11809114862840499,466.52310890436235,0.027546124896105313,STRONG_BULL,False
2024-08-01,2024-09-01,XLV,BUY,0.00028513531373271185,151.46707934640074,2.1594306594806767e-05,STRONG_BULL,False
2024-09-01,2024-10-01,SPY,BUY,0.597306526447137,561.9701069004064,0.16783420625990403,STRONG_BULL,False
2024-09-01,2024-10-01,QQQ,BUY,0.18329795948509178,483.4133175081485,0.04430433734358121,STRONG_BULL,False
2024-09-01,2024-10-01,XLK,BUY,7.081029897294461,111.41605824257569,0.3944702197271897,STRONG_BULL,False
2024-09-01,2024-10-01,XLV,BUY,0.416190678349143,149.54608954570364,0.031119844226244038,STRONG_BULL,False
2024-10-01,2024-11-01,SPY,SELL,0.13222256223742246,559.7075431649092,0.03700298273043851,STRONG_BULL,False
2024-10-01,2024-11-01,QQQ,SELL,0.04633924875870045,481.040185976875,0.01114552042045697,STRONG_BULL,False
2024-10-01,2024-11-01,XLK,BUY,0.02354733681981837,110.12414471315887,0.0012965651637775863,STRONG_BULL,False
2024-10-01,2024-11-01,XLV,BUY,0.2851547813259715,143.04578521521248,0.020395094801322903,STRONG_BULL,False
2024-11-01,2024-12-01,SPY,SELL,0.08846588855719734,592.7024359063737,0.026216973821236327,STRONG_BULL,False
2024-11-01,2024-12-01,QQQ,SELL,0.0097412474315286,507.1322957181265,0.002470050586554701,STRONG_BULL,False
2024-11-01,2024-12-01,XLK,BUY,0.2219795571781906,115.9665676494089,0.012871103667145235,STRONG_BULL,False
2024-11-01,2024-12-01,XLV,BUY,0.21209798006351593,143.5764941657403,0.015226142198577352,STRONG_BULL,False
2024-12-01,2025-01-01,QQQ,SELL,0.14103735182098828,510.39731320967127,0.03599254271581978,STRONG_BULL,False
2024-12-01,2025-01-01,XLV,SELL,0.07156444764560056,134.69280413445372,0.004819608064859622,STRONG_BULL,False
2024-12-01,2025-01-01,SPY,BUY,0.047411267781764625,579.5854277036938,0.013739439957634204,STRONG_BULL,False
2024-12-01,2025-01-01,XLK,BUY,0.23190128752045797,116.19464010059724,0.013472843321152369,STRONG_BULL,False
2025-01-01,2025-02-01,SPY,BUY,0.13908080500604453,582.8108392685451,0.04052890034585885,STRONG_BULL,False
2025-02-01,2025-03-01,SPY,SELL,0.19922172568883437,587.7908697942381,0.05855035571227453,STRONG_BULL,False
2025-02-01,2025-03-01,XLV,SELL,0.18515465996056765,145.73689293020152,0.01349193242710056,STRONG_BULL,False
2025-02-01,2025-03-01,QQQ,BUY,0.0767187278407289,508.59885580420644,0.019509528599274517,STRONG_BULL,False
2025-02-01,2025-03-01,XLK,BUY,0.11822762035180984,112.5892278121307,0.006655578240738009,STRONG_BULL,False
2025-03-01,2025-04-01,SPY,BUY,0.09038878876420366,549.8258557903587,0.024849046568066115,STRONG_BULL,False
2025-03-01,2025-04-01,QQQ,BUY,0.0902053920616825,464.63139214493447,0.02095612844629958,STRONG_BULL,False
2025-04-01,2025-05-01,SPY,SELL,0.1303714994304463,552.4849141318498,0.03601414333403531,STRONG_BULL,False
2025-04-01,2025-05-01,QQQ,SELL,0.13505242185068245,480.4572314027226,0.03244345634830573,STRONG_BULL,False
2025-04-01,2025-05-01,XLK,SELL,0.09427543641214417,106.5220532815987,0.005021206530320196,STRONG_BULL,False
2025-04-01,2025-05-01,XLV,BUY,0.017266117316317477,135.80612520106854,0.0011724222449980743,STRONG_BULL,False
2025-05-01,2025-06-01,QQQ,SELL,0.04701542970308114,514.6578764360324,0.012098430605357651,STRONG_BULL,False
2025-05-01,2025-06-01,XLV,SELL,8.186309505993645,130.00289836718963,0.5321219813550251,STRONG_BULL,False
2025-05-01,2025-06-01,SPY,BUY,0.1330112189508315,581.4351484484563,0.038668698917993426,STRONG_BULL,False
2025-05-01,2025-06-01,XLK,BUY,0.6257610681447112,114.57176205864026,0.035847274102518215,STRONG_BULL,False
2025-05-01,2025-06-01,XLI,BUY,7.687878580423169,140.84338786599892,0.5413934323846228,STRONG_BULL,False
2025-06-01,2025-07-01,QQQ,SELL,0.022731667731999514,546.9856103740284,0.006216947574603679,STRONG_BULL,False
2025-06-01,2025-07-01,XLK,SELL,0.8009806899759837,125.52600526318035,0.05027195315281558,STRONG_BULL,False
2025-06-01,2025-07-01,SPY,BUY,0.13131060099013075,609.7273002578205,0.04003182911847216,STRONG_BULL,False
2025-06-01,2025-07-01,XLI,BUY,0.22572240293637835,145.3166431439908,0.0164006109385549,STRONG_BULL,False
2025-08-01,2025-09-01,XLI,SELL,7.913600983359547,149.0898283112615,0.5899187059664526,STRONG_BULL,False
2025-08-01,2025-09-01,SPY,BUY,0.03960827438066988,632.3882335625473,0.012523903335026261,STRONG_BULL,False
2025-08-01,2025-09-01,QQQ,BUY,0.09291193830766752,559.3790091018011,0.025986493992135366,STRONG_BULL,False
2025-08-01,2025-09-01,DIA,BUY,2.467085999825478,446.5338336679276,0.5508186847452714,STRONG_BULL,False
2025-09-01,2025-10-01,QQQ,SELL,0.10799645857855757,594.877651378087,0.032122339818181585,STRONG_BULL,False
2025-09-01,2025-10-01,XLK,SELL,0.29254852470457515,139.62935705610818,0.020424181206106406,STRONG_BULL,False
2025-09-01,2025-10-01,SPY,BUY,0.03456987321279456,657.8523136153422,0.011370935537212972,STRONG_BULL,False
2025-09-01,2025-10-01,DIA,BUY,0.1799144107499495,457.14031527285806,0.0411230652261812,STRONG_BULL,False
2025-10-01,2025-11-01,QQQ,SELL,0.14833254977152743,632.6720436215722,0.04692292869977542,STRONG_BULL,False
2025-10-01,2025-11-01,XLK,SELL,0.6123080573324109,151.15142067822444,0.04627561637925881,STRONG_BULL,False
2025-10-01,2025-11-01,SPY,BUY,0.00018137323012477164,680.1719605929603,6.168249276652205e-05,STRONG_BULL,False
2025-10-01,2025-11-01,DIA,BUY,0.17017035547989445,471.16319429929393,0.040089004131476716,STRONG_BULL,False
2025-11-01,2025-12-01,SPY,SELL,0.0011244827583611176,675.0866567621653,0.0003795616529643523,STRONG_BULL,False
2025-11-01,2025-12-01,QQQ,BUY,0.13614897280384045,612.3069000944479,0.04168247774428142,STRONG_BULL,False
2025-11-01,2025-12-01,DIA,BUY,0.04953996157041317,470.384338342767,0.011651411022412453,STRONG_BULL,False
2025-12-01,2026-01-01,SPY,SELL,0.1341770235175304,681.9487983782359,0.04575092997887408,STRONG_BULL,False
2025-12-01,2026-01-01,QQQ,SELL,0.05094011259353084,618.4755757680377,0.015752607732986326,STRONG_BULL,False
2025-12-01,2026-01-01,DIA,SELL,0.055479030386757264,477.81354362573126,0.013254316053008057,STRONG_BULL,False
2025-12-01,2026-01-01,XLK,BUY,0.26823091524632714,145.3049976509037,0.019487646254883657,STRONG_BULL,False
2026-01-01,2026-02-01,SPY,BUY,0.09991376081214558,686.0719446955495,0.034274014091117355,STRONG_BULL,False
2026-01-01,2026-02-01,QQQ,BUY,0.06777655890805373,617.3660410742186,0.02092147292534935,STRONG_BULL,False
2026-02-01,2026-03-01,SPY,SELL,0.009719722233297434,676.8206033537604,0.003289254133185664,STRONG_BULL,False
2026-02-01,2026-03-01,DIA,SELL,2.811231697238978,481.9179154657963,0.6773914597123905,STRONG_BULL,False
2026-02-01,2026-03-01,QQQ,BUY,0.10487645615239702,598.3222204498956,0.03137495705900915,STRONG_BULL,False
2026-02-01,2026-03-01,XLK,BUY,0.7180095632839405,136.89417402369637,0.049145663053434985,STRONG_BULL,False
2026-02-01,2026-03-01,XLI,BUY,6.8083227546650615,176.10203710709655,0.5994797531895583,STRONG_BULL,False
2026-03-01,2026-04-01,SPY,SELL,0.22270841467736993,652.0893089333244,0.0726128881103012,STRONG_BULL,False
2026-03-01,2026-04-01,QQQ,SELL,0.12546527346017888,580.7254745072445,0.03643044023217178,STRONG_BULL,False
2026-03-01,2026-04-01,XLK,SELL,0.5478275666786285,133.9334727382887,0.03668622423351757,STRONG_BULL,False
2026-03-01,2026-04-01,XLI,SELL,6.8083227546650615,163.05613881161878,0.5550694100794845,STRONG_BULL,False
2026-03-01,2026-04-01,DIA,BUY,2.7979719466623485,464.051972816036,0.6492022008662938,STRONG_BULL,False
2026-04-01,2026-05-01,QQQ,SELL,0.12772756524033216,668.291712230234,0.04267963663673025,STRONG_BULL,False
2026-04-01,2026-05-01,XLK,SELL,0.7306112163046569,160.16694479214488,0.058509883173194895,STRONG_BULL,False
2026-04-01,2026-05-01,SPY,BUY,0.2591703193163751,719.5405584836352,0.0932417781516433,STRONG_BULL,False
2026-04-01,2026-05-01,DIA,BUY,0.11029369177406309,497.0286052008503,0.02740955989245754,STRONG_BULL,False
2026-05-01,2026-06-01,QQQ,SELL,0.11663298233455882,736.8925700317383,0.04297298905148969,STRONG_BULL,False
2026-05-01,2026-06-01,XLK,SELL,1.102854108704551,192.28154332275392,0.10602924504077564,STRONG_BULL,False
2026-05-01,2026-06-01,SPY,BUY,0.3837380760630916,755.5110573486328,0.1449591797956782,STRONG_BULL,False
2026-05-01,2026-06-01,DIA,BUY,0.07989672994484993,509.3848158359544,0.02034909053442618,STRONG_BULL,False
2026-06-01,2026-07-01,DIA,SELL,0.03493988256701845,520.8938001802334,0.009099984104092665,STRONG_BULL,False
2026-06-01,2026-07-01,SPY,BUY,0.06433419497589093,745.149,0.023969280526045075,STRONG_BULL,False
2026-07-01,2026-08-01,SPY,SELL,0.3429215892082366,749.2901144409179,0.1284738784110505,STRONG_BULL,False
2026-07-01,2026-08-01,QQQ,BUY,0.21532790973006752,688.4376477905273,0.07411991983910934,STRONG_BULL,False
2026-07-01,2026-08-01,DIA,BUY,0.04232646514382248,529.6558977905273,0.01120923094802538,STRONG_BULL,False
2026-07-01,2026-08-01,XLK,BUY,0.2732115125765206,174.0447965057373,0.023775521054702608,STRONG_BULL,False
2026-08-01,2026-09-01,XLK,SELL,0.06836743923513718,183.66325694885253,0.006278293279589031,STRONG_BULL,False
2026-08-01,2026-09-01,SPY,BUY,0.0669484997570475,762.1624117675781,0.02551281501952622,STRONG_BULL,False
