signal_index,entry_index,exit_index,entry,stop,target,qty,notional,outcome,net_pnl,r_multiple,equity_before,equity_after
305,306,307,10713.982367999999,10101.609510857143,11938.728082285714,0.016329920379973918,174.95847902188441,SL,-10.372875662152328,-1.0372875662152328,2000.0,1989.6271243378476
351,352,361,10882.176,10447.643142857143,11751.241714285714,0.022893862818798735,249.13504451402392,TIME,8.713620065186396,0.8759048324782271,1989.6271243378476,1998.340744403034
369,370,379,11380.465638,11045.028138,12051.340638,0.02978708022214323,338.9908429244504,SL,-10.725427732154682,-1.0734333233403293,1998.340744403034,1987.6153166708793
688,689,698,9268.883406,8794.378763142859,10217.892691714285,0.020944108204113857,194.12849698657942,TIME,1.4790222909616786,0.14882379689435485,1987.6153166708793,1989.094338961841
706,707,713,9418.923408,9109.315908,10038.138408,0.0321228384157658,302.56255468565814,SL,-10.599116225667284,-1.065722828531022,1989.094338961841,1978.4952227361737
724,725,729,9249.659561999999,9015.328490571428,9718.321704857142,0.04221581053409847,390.48187557430424,TP,18.902232211791,1.9107685471840588,1978.4952227361737,1997.3974549479647
748,749,749,9662.952204000001,9409.877561142857,10169.101489714287,0.039462615305861905,381.32536554538245,SL,-10.813844426534322,-1.0827934520239029,1997.3974549479647,1986.5836105214303
1199,1200,1209,7396.3489739999995,7186.215045428571,7816.616831142856,0.047269463432844785,349.621447363052,TIME,16.349822032678592,1.646024053162017,1986.5836105214303,2002.9334325541088
1235,1236,1245,8158.851444,7912.913586857143,8650.727158285714,0.04072031560782997,332.23100579707926,TIME,-0.16434706707158492,-0.016410636958814166,2002.9334325541088,2002.7690854870373
1247,1248,1254,8231.465963999999,8054.506678285713,8585.384535428571,0.05658841460065163,465.8056087419845,SL,-11.026509993801978,-1.101126442754186,2002.7690854870373,1991.7425754932353
1255,1256,1258,8173.03428,8004.319637142857,8510.463565714286,0.059026962383452355,482.4293870042266,SL,-11.00801257928771,-1.1053649919153519,1991.7425754932353,1980.7345629139477
1441,1442,1451,6986.236968,6813.353396571429,7332.004110857143,0.05728521647680992,400.2080970701722,TIME,9.435355910629653,0.9527128053694258,1980.7345629139477,1990.1699188245773
1680,1681,1683,6659.571647999999,6594.115933714285,6790.483076571428,0.15202415408206243,1012.4157463360864,SL,-12.16602272356986,-1.22261145729258,1990.1699188245773,1978.0038961010075
1751,1752,1753,6646.329,6583.585071428572,6771.816857142857,0.1576251233495225,1047.6284284465085,SL,-12.182726452028813,-1.231820268508379,1978.0038961010075,1965.8211696489786
2458,2459,2467,3635.206896,3590.1522531428573,3725.316181714286,0.21815966623929473,793.0555231421426,TP,17.890062234288273,1.8201108534692159,1965.8211696489786,1983.711231883267
2501,2502,2506,4101.060047999999,4036.201119428571,4230.777905142856,0.15292506949899914,627.1548928599686,SL,-11.286271209049545,-1.1378945713116468,1983.711231883267,1972.4249606742173
2582,2583,2592,3916.7832,3847.3342714285714,4055.681057142857,0.14200542767521385,556.2044734270926,TIME,-1.218319070820937,-0.12353515039725409,1972.4249606742173,1971.2066416033965
2616,2617,2622,3883.656576,3840.9312188571425,3969.107290285714,0.23068345982602798,895.8953357277853,TP,17.717625319213987,1.7976426159768126,1971.2066416033965,1988.9242669226105
2639,2640,2649,3988.6275659999997,3941.7793517142854,4082.323994571428,0.21227322078838654,846.6788199601627,TIME,3.902775961896988,0.3924509371023573,1988.9242669226105,1992.8270428845076
2651,2652,2655,4043.848608,3999.8889651428567,4131.7678937142855,0.22666551788883538,916.601038996366,SL,-11.968519210576522,-1.2011598551224745,1992.8270428845076,1980.8585236739311
2661,2662,2671,3994.0886579999997,3935.9133008571425,4110.439372285714,0.17024893537049315,679.9893417998617,TIME,-3.617769844452117,-0.3652729158811584,1980.8585236739311,1977.240753829479
2676,2677,2679,3996.7291859999996,3959.4316859999994,4071.3241859999994,0.26506344310335594,1059.386799192833,SL,-12.20478138272966,-1.2345265855047436,1977.240753829479,1965.0359724467494
2711,2712,2721,4107.811398,4054.889255142857,4213.655683714285,0.18565347757659187,762.6294712674614,TIME,5.231257476648669,0.5324337620277769,1965.0359724467494,1970.267229923398
2765,2766,2775,5239.427676,5055.293033142857,5607.696961714286,0.053500720976551654,280.31315817049847,TIME,-0.3156610303769412,-0.03204245856428458,1970.267229923398,1969.951568893021
2790,2791,2800,5081.016,4910.078142857143,5422.8917142857135,0.05762186334319968,292.77760959661106,TIME,-1.4835162854105473,-0.1506144931516446,1969.951568893021,1968.4680526076104
2801,2802,2806,5132.306256,5055.936970285714,5285.044827428571,0.12887825479814508,661.4426733628819,SL,-11.285573016054125,-1.1466351207584229,1968.4680526076104,1957.1824795915563
2812,2813,2822,5158.0314,5054.641757142857,5364.810685714286,0.0946507999014884,488.2117979269941,TIME,4.597188234714558,0.46977614838182524,1957.1824795915563,1961.779667826271
2828,2829,2838,5238.787547999999,5155.920047999999,5404.522547999999,0.11836845975963256,620.107213064702,TIME,6.212128401260104,0.6333156065526346,1961.779667826271,1967.991796227531
2843,2844,2850,5258.461482,5171.260053428571,5432.864339142857,0.11284171764545717,593.3738258013562,TP,18.351002254706366,1.8649470277146112,1967.991796227531,1986.3427984822374
2851,2852,2857,5509.521684,5389.182041142857,5750.200969714287,0.08253069193666521,454.70463682058096,SL,-10.920057182041045,-1.099513859378658,1986.3427984822374,1975.4227413001963
2864,2865,2867,5442.898362,5295.872647714286,5736.949790571428,0.0671794981883704,365.65118064946324,SL,-10.669622612668554,-1.080236892043265,1975.4227413001963,1964.7531186875278
2921,2922,2928,5830.9959659999995,5666.009894571428,6160.968108857142,0.059542999650674756,347.1949907666239,SL,-10.575738580167043,-1.0765463079892426,1964.7531186875278,1954.1773801073607
2931,2932,2941,5732.1462,5578.412271428571,6039.614057142857,0.06355712750810905,364.3187469285227,TIME,10.099113321677933,1.0335922853761716,1954.1773801073607,1964.2764934290387
2942,2943,2952,5937.1872,5777.367557142858,6256.826485714286,0.061452912117468464,364.8574432265587,TP,18.816584141312433,1.9158793789222932,1964.2764934290387,1983.0930775703512
3015,3016,3025,7938.747432,7528.218860571429,8759.804574857142,0.024152924005624205,191.74396342494032,TIME,-0.4012310669222836,-0.04046517750078221,1983.0930775703512,1982.691846503429
3036,3037,3046,7980.24573,7705.050372857142,8530.636444285714,0.03602335204867189,287.47520136670056,TIME,-1.180931314077073,-0.11912403999236708,1982.691846503429,1981.5109151893519
3050,3051,3060,8481.696,8239.713857142857,8965.660285714286,0.04094332936705917,347.2688729192683,TIME,9.568571487086505,0.9657853927261499,1981.5109151893519,1991.0794866764384
3073,3074,3074,8943.03825,8716.44075,9396.23325,0.04393427744517125,392.9059236782787,SL,-10.807767398449048,-1.0856188786806953,1991.0794866764384,1980.2717192779894
3089,3090,3095,8704.110474000001,8483.262259714287,9145.806902571429,0.044833319700653934,390.2341675906525,SL,-10.747916068211907,-1.0854991225275505,1980.2717192779894,1969.5238032097775
3098,3099,3099,8572.604178,8335.300963714284,9047.210606571429,0.041498043107803376,355.7462977247793,SL,-10.618374548488466,-1.0782682119589984,1969.5238032097775,1958.905428661289
3151,3152,3161,8143.518378,7894.5880208571425,8641.379092285715,0.0393464551922268,320.41858096705243,TIME,3.058895864352909,0.3123066401876634,1958.905428661289,1961.964324525642
3191,3192,3201,9172.854204000001,8868.297418285716,9781.967775428573,0.03221015614418492,295.4590661986831,TIME,10.42559978215613,1.0627715959796364,1961.964324525642,1972.389924307798
3246,3247,3256,12181.245761999999,10760.197190571427,15023.342904857142,0.006939910302731477,84.53675296380793,TIME,-0.5148382243493648,-0.05220450763862476,1972.389924307798,1971.8750860834487
3277,3278,3287,11424.214386,10652.802957428572,12967.037243142857,0.012780955875486251,146.01237997956125,TIME,-5.957020508231043,-0.6041985671681583,1971.8750860834487,1965.9180655752175
3295,3296,3305,11577.315,11037.341785714287,12657.261428571428,0.01820384802027419,210.7516827428407,TIME,-3.313913885859385,-0.3371365209861633,1965.9180655752175,1962.604151689358
3306,3307,3311,11885.066538000001,11449.129038000001,12756.941538000001,0.02251015514482418,267.53469167693845,TP,19.013971377530684,1.9376267354946697,1962.604151689358,1981.6181230668888
3486,3487,3496,11745.438618,11261.152903714286,12714.01004657143,0.020459184161457547,240.30209174275743,TIME,2.0386151747468673,0.20575257674690275,1981.6181230668888,1983.6567382416356
3986,3987,3989,9409.501524000001,9018.927238285716,10190.650095428573,0.02539410312962495,238.9458520988192,SL,-10.432016819882422,-1.0517965753620893,1983.6567382416356,1973.2247214217532
3991,3992,4001,9203.010234,8892.051662571428,9824.927376857142,0.03172809664574579,291.9939981361395,TIME,-1.905183479191005,-0.19310354857284343,1973.2247214217532,1971.3195379425622
4004,4005,4014,9233.24628,8991.044494285714,9717.64985142857,0.04069580932545304,375.75443006582856,TIME,-3.0851862056435095,-0.3130072163606184,1971.3195379425622,1968.2343517369186
4016,4017,4022,9198.299292,9051.270363428572,9492.357149142856,0.06693357459857736,615.6750518411234,TP,18.304366662576975,1.859978375687206,1968.2343517369186,1986.5387183994956
4026,4027,4036,9371.483922000001,9177.313207714287,9759.82535057143,0.05115443710724539,479.39298488951044,TIME,-6.804271343540092,-0.6850378782470571,1986.5387183994956,1979.7344470559556
4421,4422,4431,7842.598206,7600.453205999999,8326.888206,0.040879110596046896,320.598439423433,TIME,9.450482580803605,0.9547222451836739,1979.7344470559556,1989.184929636759
4443,4444,4447,8463.522366,8281.58093742857,8827.405223142856,0.054665530144934034,462.6629370308964,TP,18.850217126701168,1.8952704543305952,1989.184929636759,2008.0351467634603
4478,4479,4488,8703.460344,8449.367843999999,9211.645343999999,0.039513861030204746,343.90732251471394,TIME,-3.0613817188322945,-0.3049131608843214,2008.0351467634603,2004.973765044628
4551,4552,4558,9433.63635,9225.130992857143,9850.647064285715,0.048079670290459765,453.5661253480963,SL,-11.010595750147385,-1.0983281619051315,2004.973765044628,1993.9631692944806
4559,4560,4567,9437.677158,9254.177872285714,9804.675729428573,0.054331632996085434,512.7644116839946,SL,-11.085833214242214,-1.1119396170356235,1993.9631692944806,1982.8773360802384
4578,4579,4584,9486.116843999998,9325.620058285713,9807.11041542857,0.061773116740485044,585.9870032182935,TP,18.515928588844424,1.8675818470391923,1982.8773360802384,2001.3932646690828
4613,4614,4615,9802.980204,9601.894489714285,10205.151632571427,0.049764680494045144,487.84217774150943,TP,18.916764707705532,1.8903595851596207,2001.3932646690828,2020.3100293767884
4617,4618,4627,10265.132615999999,10030.505830285712,10734.38618742857,0.0430536953235382,441.9518921049786,TIME,-1.609608490976207,-0.1593427214211007,2020.3100293767884,2018.7004208858123
5111,5112,5121,8849.7696,8551.30817142857,9446.692457142857,0.033818447337537486,299.2854671669402,TIME,5.030176758003248,0.4983579243319313,2018.7004208858123,2023.7305976438156
5129,5130,5139,9518.333286000001,9206.140428857143,10142.719000285715,0.032411545481288384,308.50389220525017,TIME,1.7310674310077763,0.1710768649763184,2023.7305976438156,2025.4616650748235
5142,5143,5144,9747.059022,9399.229379142856,10442.718307714285,0.02911571377926956,283.7925806741991,SL,-10.73944449981244,-1.0604441135562748,2025.4616650748235,2014.722220575011
5167,5168,5177,9311.211870000001,8953.222941428572,10027.189727142857,0.028139448733999328,262.01236906727104,TIME,4.041899124577522,0.4012363673066499,2014.722220575011,2018.7641196995885
5186,5187,5196,9546.398898,9164.26746942857,10310.661755142857,0.026414526112738177,252.16360297383594,TIME,3.5425736947182886,0.35096459860258045,2018.7641196995885,2022.3066933943069
5197,5198,5207,9735.876786,9443.09821457143,10321.433928857143,0.034536453325917135,336.24265420656917,SL,-10.839068239841463,-1.0719509830280796,2022.3066933943069,2011.4676251544654
5276,5277,5281,9558.051227999998,9355.16979942857,9963.814085142856,0.04957249264553275,473.81642420565515,TP,19.04824129301049,1.8939644918766942,2011.4676251544654,2030.515866447476
5290,5291,5300,9619.843584,9293.586084,10272.358584000001,0.031118301747047578,299.3531954063116,TIME,4.834932188585119,0.4762269794073718,2030.515866447476,2035.350798636061
5308,5309,5315,9695.788770000001,9499.321984285716,10088.722341428573,0.05179885218858303,502.23072934895333,SL,-11.269351082161068,-1.1073620419352712,2035.350798636061,2024.0814475538998
5323,5324,5324,9783.9564,9589.291757142857,10173.285685714285,0.051988933836312964,508.6574619369707,SL,-11.227209457934476,-1.109363407436252,2024.0814475538998,2012.8542380959652
5326,5327,5336,9723.174245999999,9507.416388857142,10154.689960285714,0.046646139907739644,453.54854622624686,TIME,6.736054948400354,0.6693037996404788,2012.8542380959652,2019.5902930443656
5652,5653,5662,11205.04056,10687.25663142857,12240.608417142856,0.01950224969917894,218.5234988905478,TIME,-2.1857027202920083,-0.21645011147258408,2019.5902930443656,2017.4045903240735
5667,5668,5675,11280.435636,11010.526707428571,11820.253493142856,0.03737194988327681,421.57187525012176,TP,19.222467271790777,1.9056630845380302,2017.4045903240735,2036.6270575958642
5686,5687,5696,11777.875104,11500.221889714287,12333.181532571429,0.03667573348349768,431.96220831622657,TIME,7.530926998448954,0.7395489488722431,2036.6270575958642,2044.1579845943131
5722,5723,5732,11763.162161999999,11497.210019142856,12295.066447714284,0.03843093653305024,452.0693384758,TIME,5.3708107584546525,0.5254790284245621,2044.1579845943131,2049.5287953527677
5737,5738,5741,11913.372198,11691.188983714284,12357.738626571427,0.046122494040373385,549.474438203005,TP,19.261963837882078,1.8796480324216849,2049.5287953527677,2068.7907591906496
5819,5820,5829,11618.533242,11468.076813428572,11919.446099142857,0.06875049404115374,798.7799004210676,TP,18.905930215431486,1.8277276357158367,2068.7907591906496,2087.696689406081
5831,5832,5834,12041.737866,11842.993223142857,12439.227151714285,0.052522087121279384,632.4572052896609,SL,-11.81723871478684,-1.1320838678101912,2087.696689406081,2075.879450691294
6077,6078,6083,11551.699878,11348.983449428571,11957.132735142855,0.05120155937336487,591.4650471667087,SL,-11.66804886338904,-1.1241547633706217,2075.879450691294,2064.211401827905
6091,6092,6099,11420.173578,11228.811078,11802.898578,0.053934584932468575,615.9423217861745,SL,-11.66362372440513,-1.1300803506924468,2064.211401827905,2052.5477781034997
6104,6105,6114,11365.2726,11170.127957142857,11755.561885714285,0.052590420829694125,597.704468878192,TIME,2.202787949103549,0.21463938356054904,2052.5477781034997,2054.750566052603
6156,6157,6162,13044.778434,12796.038791142857,13542.257719714285,0.04130323864846698,538.7915967758773,SL,-11.446660136204809,-1.1141654199122646,2054.750566052603,2043.3039059163982
6163,6164,6167,13054.760429999998,12771.20900142857,13621.863287142856,0.03603056976667067,470.37045646028656,TP,19.373802568779475,1.8963211994733156,2043.3039059163982,2062.677708485178
6175,6176,6185,13269.05328,12872.22078,14062.718280000001,0.025989273918910094,344.85306033853243,TIME,6.533713877531882,0.6335176698380297,2062.677708485178,2069.2114223627095
6204,6205,6214,13556.360729999999,13255.472515714284,14158.137158571428,0.034385052722567734,466.13617842719674,TIME,4.628587952126596,0.4473769960965599,2069.2114223627095,2073.840010314836
6215,6216,6220,13914.252294,13517.133722571429,14708.489436857142,0.026111093254270676,363.3163392120837,TP,19.914294887705868,1.9205237422999295,2073.840010314836,2093.754305202542
6236,6237,6246,14960.411484,14306.606484,16268.021484,0.01601207015243491,239.5471581911009,TIME,5.863606904138082,0.5601045824305405,2093.754305202542,2099.6179121066803
6254,6255,6264,15404.980379999999,14883.52895142857,16447.883237142858,0.02013243992694397,310.1398420761005,TIME,12.565688157615803,1.196949986486622,2099.6179121066803,2112.1836002642963
6277,6278,6287,16072.773911999999,15664.057126285712,16890.20748342857,0.025839207907414157,415.30774676103033,TIME,8.821934616073149,0.8353378574636472,2112.1836002642963,2121.0055348803694
6288,6289,6294,16782.285786,16400.309714571427,17546.237928857143,0.027763591668817283,465.9365298319003,TP,20.159640346071974,1.9009512247415263,2121.0055348803694,2141.1651752264415
6305,6306,6315,18048.619002,17253.08007342857,19639.696859142856,0.01345732495499241,242.88613089876478,TIME,7.817657809615925,0.7302246365733236,2141.1651752264415,2148.9828330360574
6324,6325,6334,18577.304718,17955.409003714285,19821.096146571428,0.0172776784247846,320.9726969168378,TIME,7.709884138062769,0.7175379923505798,2148.9828330360574,2156.6927171741204
6335,6336,6339,19362.431712,18705.61599771429,20676.06314057143,0.016417791705238962,317.88837075452943,SL,-11.469816424246064,-1.06364864432563,2156.6927171741204,2145.2229007498745
6340,6341,6343,19285.40631,18691.75988142857,20472.699167142855,0.018068186697528143,348.45232174676727,SL,-11.479770728946287,-1.0702636751578094,2145.2229007498745,2133.743130020928
6381,6382,6391,19128.314898,18158.579898,21067.784898,0.01100168154197243,210.44362894236284,TIME,2.7631206329528526,0.25899280884159204,2133.743130020928,2136.506250653881
6404,6405,6414,19187.226678,18714.40524942857,20132.869535142854,0.022593162254818614,433.5001255560383,TIME,-5.92303523918282,-0.5544599026911403,2136.506250653881,2130.5832154146983
6498,6499,6508,22821.193326,21763.49618314286,24936.587611714287,0.010071801884892031,229.85053795629224,TIME,1.9370419888785797,0.1818320894358076,2130.5832154146983,2132.520257403577
6517,6518,6527,23733.735798,22887.680083714287,25425.84722657143,0.012602717654380277,299.10957114585176,TP,20.641635361380825,1.9358911400459835,2132.520257403577,2153.161892764958
6544,6545,6554,26879.924909999998,25516.87491,29606.024909999996,0.007898323219122401,212.3063350449196,TIME,16.447248460296517,1.527729848420824,2153.161892764958,2169.6091412252545
6560,6561,6569,29284.265681999997,28083.109610571424,31686.57782485714,0.009031337362533046,264.47608278819087,TP,21.088265954858652,1.9439691282780425,2169.6091412252545,2190.6974071801133
6583,6584,6593,31996.14795,29256.20509285714,37476.033664285715,0.0039977063781989185,127.91120473751124,TIME,9.980567354002927,0.911177173195271,2190.6974071801133,2200.6779745341164
6639,6640,6647,38207.15990399999,35429.82526114285,43761.82918971428,0.00396185238281225,151.37112750615103,SL,-11.323174211789379,-1.0290623474055987,2200.6779745341164,2189.354800322327
6652,6653,6657,37687.536,35222.440285714285,42617.72742857142,0.004440709518163101,167.35939983131453,SL,-11.301797269913443,-1.0324317710632869,2189.354800322327,2178.0530030524133
6670,6671,6674,37271.182746000006,35451.39346028572,40910.76131742858,0.005984354947439714,223.04398686295485,SL,-11.367851037597886,-1.0438543985538011,2178.0530030524133,2166.6851520148152
6753,6754,6762,34230.224676,32764.212533142854,37162.248961714286,0.007389724439089964,252.95192784377755,TP,21.08441198082354,1.946236808907561,2166.6851520148152,2187.7695639956387
6787,6788,6791,38803.449138,37053.05413800001,42304.239138000004,0.006249359613103439,242.49670789213067,TP,21.318002522706475,1.948834362954779,2187.7695639956387,2209.0875665183453
6808,6809,6818,46070.692296,43757.94193885715,50696.193010285715,0.004775888499369699,220.0284894944666,TIME,7.904437007188308,0.7156291246205487,2209.0875665183453,2216.9920035255336
6832,6833,6842,47812.230533999995,45953.503391142855,51529.68481971428,0.005963737098382508,285.1395729920327,TIME,10.36353370698736,0.9349184562241927,2216.9920035255336,2227.355537232521
6843,6844,6853,51126.993354,48815.854425428566,55749.271211142855,0.00481874003699402,246.36768984604697,TIME,1.5064674858030598,0.13526960205687133,2227.355537232521,2228.862004718324
6877,6878,6879,54098.487534,50840.410391142854,60614.64181971429,0.0034205175430004424,185.04482565983776,SL,-11.538000687911827,-1.0353266073437293,2228.862004718324,2217.324004030412
6928,6929,6932,51676.163166,49513.09030885714,56002.30888028571,0.005125402957899472,264.86115954391215,SL,-11.655959872216581,-1.0513537805958566,2217.324004030412,2205.6680441581957
6952,6953,6962,50715.661104,48883.876103999995,54379.231104,0.0060205429244103315,305.33581461647947,TIME,18.11969846917797,1.6430122852954914,2205.6680441581957,2223.7877426273735
7024,7025,7034,58843.106267999996,56495.19269657142,63538.93341085714,0.004735667806703643,278.66140399980895,TIME,-5.59417721061597,-0.5031215078114001,2223.7877426273735,2218.1935654167573
7084,7085,7094,57865.710827999996,56148.67904228571,61299.77439942857,0.006459384106549855,373.77685283659304,TIME,3.970808370607654,0.358021809504403,2218.1935654167573,2222.164373787365
7097,7098,7107,59316.620952,57447.275951999996,63055.310952,0.005943697856167174,352.56007278748325,TIME,-0.17591470670781495,-0.015832735758245748,2222.164373787365,2221.9884590806573
7112,7113,7116,59233.364303999995,57905.906089714284,61888.280732571424,0.008369334850499524,495.74386018180167,SL,-12.187149930265127,-1.0969588865738333,2221.9884590806573,2209.801309150392
7150,7151,7160,58538.905439999995,56901.06186857142,61814.592582857134,0.006746069489477999,394.90752393622165,TIME,10.785787332757236,0.9761771149374578,2209.801309150392,2220.5870964831493
7188,7189,7191,63375.962658,61444.46087228571,67238.96622942857,0.00574834336915189,364.30679470873207,SL,-11.891016267424202,-1.0709794978324945,2220.5870964831493,2208.696080215725
7196,7197,7199,62384.74445399999,60700.07623971428,65754.08088257142,0.00655528507478903,408.9497842138339,SL,-11.92983816860696,-1.0802607271745386,2208.696080215725,2196.766242047118
7322,7323,7332,58111.479972,56044.64711485714,62245.145686285716,0.005314329686735962,308.8235631553619,TIME,-5.161969781476251,-0.46996077076147397,2196.766242047118,2191.6042722656416
7333,7334,7338,58252.478166,56286.038166,62185.358166000005,0.005572517524729056,324.6129554389317,SL,-11.658957506673458,-1.0639655757396962,2191.6042722656416,2179.9453147589684
7824,7825,7834,39868.612128,38401.20069942857,42803.434985142856,0.0074278599454592415,296.13846710662176,TIME,12.097259054185253,1.109868121212281,2179.9453147589684,2192.0425738131535
7839,7840,7843,40112.47089,38755.15089,42827.110889999996,0.008074892338627418,323.9038838730763,SL,-11.65958656940944,-1.063810229664206,2192.0425738131535,2180.382987243744
7882,7883,7892,45939.196002000004,44104.00171628572,49609.58457342857,0.005940469094243904,272.9003740642941,TIME,-2.6979761528518247,-0.24747727061128635,2180.382987243744,2177.685011090892
7893,7894,7900,46358.529852,44767.42842342857,49540.73270914285,0.006843325547907179,317.2465116996092,SL,-11.573239999509731,-1.0628938474175582,2177.685011090892,2166.1117710913823
7904,7905,7909,44856.239453999995,43589.30838257143,47390.10159685714,0.008548656749924489,383.4605941846662,TP,20.791592086796843,1.9197155349302335,2166.1117710913823,2186.903363178179
7914,7915,7917,47043.17675399999,45728.40103971428,49672.72818257142,0.008316640395074034,391.2411841049241,SL,-11.782049939409188,-1.0775098834076136,2186.903363178179,2175.1213132387697
7919,7920,7929,46182.724698,44894.25041228571,48759.67326942857,0.008440685768257133,389.8138670977458,TIME,-2.8406724589577883,-0.26119669203443263,2175.1213132387697,2172.280640779812
7930,7931,7932,46854.51903,45358.19510142857,49847.16688714286,0.00725872452916573,340.1040465853235,SL,-11.596532574013432,-1.0676827253637424,2172.280640779812,2160.6841082057986
7946,7947,7956,47064.16095,45554.194521428566,50084.09380714285,0.007154742209235775,336.7319388912311,TIME,12.94071260951721,1.1978347561655363,2160.6841082057986,2173.6248208153156
7963,7964,7973,49249.067844,48052.080701142855,51643.04212971428,0.009079566283506575,447.16017589051023,TIME,-9.49305098227738,-0.873476498001765,2173.6248208153156,2164.131769833038
8004,8005,8007,48809.039855999996,47716.89521314285,50993.32914171428,0.009907715905520934,483.5861005144963,SL,-11.871468926589726,-1.0971114690955814,2164.131769833038,2152.2603009064483
8032,8033,8042,50178.58371,48828.68442428571,52878.382281428574,0.00797192917902612,400.0201156399537,TIME,-4.9835575616810335,-0.46309989173541444,2152.2603009064483,2147.276743344767
8044,8045,8053,50208.819756,49145.97761314285,52334.50404171429,0.010101578855221316,507.18835199282785,TP,20.331291470367226,1.893681523202045,2147.276743344767,2167.6080348151345
8120,8121,8130,47934.154914,46735.43205685714,50331.60062828571,0.009041322695646283,433.388162720573,TIME,-5.987269288909151,-0.5524309923883244,2167.6080348151345,2161.620765526225
8220,8221,8230,49389.876,48061.214571428565,52047.19885714285,0.008134580861018861,401.76594003769475,TIME,14.688909681230715,1.359064449739855,2161.620765526225,2176.3096752074557
8253,8254,8263,55679.943761999995,54243.235190571424,58553.36090485714,0.007573942685688409,421.7167027957418,TIME,12.624036874380232,1.160132403783653,2176.3096752074557,2188.933712081836
8273,8274,8283,56180.08377,54244.15484142857,60051.94162714285,0.005653445433291573,317.6110380314445,TIME,16.531636621126093,1.5104739380529981,2188.933712081836,2205.465348702962
8285,8286,8295,60050.367672,58225.305886285714,63700.49124342857,0.006042166259702259,362.83430543047365,TIME,0.8866188864142618,0.08040197837936415,2205.465348702962,2206.3519675893763
8300,8301,8303,62136.294774,60429.27334542857,65550.33763114286,0.00646257841483521,401.5606773842903,SL,-11.901877110603301,-1.0788738411131291,2206.3519675893763,2194.450090478773
8306,8307,8315,62601.377772,60641.197057714286,66521.73920057144,0.005597570862945725,350.41564819680536,TP,21.147327549698883,1.9273464127940205,2194.450090478773,2215.5974180284716
8324,8325,8327,63250.54758,60993.72579428572,67764.19115142856,0.0049086672063634726,310.4758886904785,SL,-11.747680581172906,-1.060452633279061,2215.5974180284716,2203.8497374472986
8345,8346,8351,63619.581372,62030.31744342857,66798.10922914286,0.006933554892384406,441.1098596732784,SL,-11.97638126197084,-1.0868600575139924,2203.8497374472986,2191.873356185328
8377,8378,8384,61871.561838,59829.305409428576,65956.07469514286,0.005366302990948498,332.0215473459143,SL,-11.676598732514433,-1.0654446525903343,2191.873356185328,2180.1967574528135
8424,8425,8426,62278.023113999996,61129.538471142856,64574.992399714276,0.009491623466679672,591.1195456472614,TP,20.47546479731733,1.878313480407099,2180.1967574528135,2200.6722222501307
8445,8446,8453,65241.455682,63006.90675342857,69710.55353914286,0.004924197886454526,321.26183817852103,SL,-11.696871070214492,-1.0630271016239523,2200.6722222501307,2188.9753511799163
8999,9000,9000,43677.75380399999,42146.84844685713,46739.564518285704,0.007149283726020866,312.26465446008314,SL,-11.618664879649181,-1.0615619653630552,2188.9753511799163,2177.356686300267
9022,9023,9032,44242.44672,43205.82779142857,46315.68457714286,0.010502203974323011,464.64319977655805,TIME,-7.938932206707598,-0.7292266128612411,2177.356686300267,2169.4177540935593
9124,9125,9126,41670.392411999994,40198.36098342856,44614.455269142854,0.007368788845082352,307.0603227757498,SL,-11.509545731403083,-1.0610723277879763,2169.4177540935593,2157.908208362156
9226,9227,9231,41252.518853999994,40536.12206828571,42685.312425428565,0.015060845130751135,621.2977977134852,TP,20.18646060552749,1.8709285712249026,2157.908208362156,2178.0946689676834
9239,9240,9249,42626.703636,41531.35006457143,44817.410778857135,0.009942427385008631,423.81290556321335,TIME,11.761518530321853,1.079982307279258,2178.0946689676834,2189.8561874980055
9296,9297,9306,46609.249986,45416.773557428576,48994.202843142855,0.009181968444111847,427.96466257517255,TIME,-2.81001798970798,-0.25663950041564443,2189.8561874980055,2187.0461695082977
9964,9965,9966,23616.87243,22715.00707285714,25420.603144285713,0.012125125730724046,286.35754758022034,SL,-11.552040090737592,-1.0564056901766072,2187.0461695082977,2175.49412941756
9968,9969,9972,22813.111709999997,21983.65028142857,24472.034567142855,0.013113895682674405,299.1687671621379,SL,-11.522531311808647,-1.059302450509811,2175.49412941756,2163.9715981057516
9977,9978,9980,22851.649416,22166.43227314286,24222.083701714288,0.015790407615042003,360.83685895467653,SL,-11.60064524724017,-1.072162431096127,2163.9715981057516,2152.3709528585114
10065,10066,10072,23812.291505999998,23470.789720285713,24495.295077428567,0.031513319152293884,750.4043419760347,SL,-12.399682162425218,-1.1521882086317419,2152.3709528585114,2139.9712706960863
10082,10083,10090,24329.234873999998,23655.733802571427,25676.237016857143,0.015886918087279097,386.516561569412,SL,-11.537277797967896,-1.078264737097622,2139.9712706960863,2128.4339928981185
10092,10093,10102,24182.405514,23434.306228285714,25678.604085428567,0.014225611717206018,344.0095112301858,TIME,4.672112042628045,0.43901873943165165,2128.4339928981185,2133.1061049407467
10106,10107,10107,24871.093224,24281.981081142858,26049.31750971429,0.01810441467557743,450.27658516224,SL,-11.643252453220093,-1.0916711950007305,2133.1061049407467,2121.4628524875266
10553,10554,10563,20488.056792,19982.232149142856,21499.706077714287,0.020970339053713104,429.6414974799696,TIME,6.653643257673323,0.6272693627297388,2121.4628524875266,2128.1164957451997
10570,10571,10571,20735.676305999998,20391.058805999997,21424.911305999998,0.030876500696354645,640.2451239015934,SL,-12.036227131426749,-1.1311624298285454,2128.1164957451997,2116.080268613773
10575,10576,10584,20602.859748000003,20263.03153371429,21282.51617657143,0.031134558280594395,641.4609375710185,SL,-11.978792748006114,-1.132168086974633,2116.080268613773,2104.101475865767
10597,10598,10607,21152.749704,20683.453275428572,22091.342561142857,0.022417616540049125,474.19423163190964,TIME,0.9350942586361601,0.08888300011779615,2104.101475865767,2105.036570124403
10845,10846,10846,17506.860672,17191.129957714285,18138.32210057143,0.03333594856120792,583.6078068300259,SL,-11.796375189702523,-1.1207762712650053,2105.036570124403,2093.240194934701
11049,11050,11059,20823.103787999997,20318.246645142855,21832.818073714283,0.020731014947004696,431.68407587205803,TP,19.957668623384883,1.9068684684805095,2093.240194934701,2113.197863558086
11074,11075,11084,22909.160916,22370.128416,23987.225916,0.019601766716831406,449.06002795378373,SL,-11.541154493299716,-1.092292841321291,2113.197863558086,2101.656709064786
11088,11089,11089,22754.519994000002,22225.975708285714,23811.608565428574,0.01988155738193784,452.3952949591629,TP,19.99617224360133,1.9028961444896872,2101.656709064786,2121.6528813083874
11100,11101,11110,23257.710612000003,22715.958826285718,24341.214183428576,0.019581411056274065,455.4187917214395,TIME,2.4102320210704464,0.22720323784389249,2121.6528813083874,2124.063113329458
11130,11131,11140,23390.667198000003,22919.733626571433,24332.534340857146,0.02255162131344914,527.4974689182125,TIME,2.0710481156678906,0.19500815231629662,2124.063113329458,2126.1341614451258
11141,11142,11151,23609.340924,23079.340566857143,24669.341638285714,0.020057855931520107,473.5527588917338,TIME,-5.6883772425072925,-0.5350910912076143,2126.1341614451258,2120.4457842026186
11225,11226,11235,24135.3261,23250.676457142854,25904.625385714284,0.01198466421890048,289.2537791221649,TIME,4.717935006844561,0.44499463669321904,2120.4457842026186,2125.163719209463
11241,11242,11251,24508.550730000003,24029.164658571433,25467.322872857145,0.022165472109738946,543.2435976559372,TIME,-2.443454756588171,-0.22995449569382903,2125.163719209463,2122.7202644528747
11416,11417,11424,28045.738026,27063.483383142855,30010.247311714287,0.01080534604691911,303.04390451216807,SL,-11.267503104543781,-1.0616097931724364,2122.7202644528747,2111.452761348331
11427,11428,11437,27637.456385999998,26745.128886,29422.111385999997,0.01183115370392782,326.98299448836747,TIME,-2.881639754685544,-0.2729532772350907,2111.452761348331,2108.5711215936453
11441,11442,11451,27652.969488,26914.314845142857,29130.278773714286,0.014273051296595224,394.69225200540654,TIME,1.353406867219877,0.12837194376417146,2108.5711215936453,2109.924528460865
11477,11478,11487,28500.699,27745.209000000003,30011.679,0.013963947427900218,397.9822624944083,TIME,-2.0514947883937165,-0.19446143790652343,2109.924528460865,2107.873033672471
11504,11505,11507,28550.438946,27864.921803142857,29921.473231714284,0.015374327656396323,438.94380308974246,SL,-11.492308616070137,-1.0904175377249836,2107.873033672471,2096.380725056401
11563,11564,11573,30473.023386,29963.477671714285,31492.11481457143,0.020571076022051594,626.8628806951621,TIME,-4.256359669145648,-0.40606743024038583,2096.380725056401,2092.1243653872552
11587,11588,11590,30386.086001999996,29847.47028771428,31463.317430571427,0.019421308271350062,590.1375434045968,SL,-11.74625574084976,-1.1229022456966138,2092.1243653872552,2080.3781096464054
11632,11633,11634,28958.100462000002,28332.542604857146,30209.216176285718,0.016628183036084165,481.52059485944943,SL,-11.44865936452405,-1.1006325543840623,2080.3781096464054,2068.929450281881
11655,11656,11657,29272.283285999998,28927.74292885714,29961.364000285714,0.03002448635391698,878.885270068499,TP,18.731099670177688,1.8107045329772526,2068.929450281881,2087.660549952059
11684,11685,11693,29204.059644,28595.483929714286,30421.211072571426,0.017152019879747828,500.9086115832293,SL,-11.527677637881927,-1.1043632201745297,2087.660549952059,2076.132872314177
12002,12003,12012,30377.634312000002,29877.762526285715,31377.377883428573,0.020766653886531237,630.8418176489195,SL,-11.755935470933991,-1.1324839202444832,2076.132872314177,2064.376936843243
12015,12016,12023,30346.358058,29827.092343714285,31384.889486571432,0.019877847507060342,603.2202778715758,SL,-11.636464454234007,-1.1273585018856092,2064.376936843243,2052.740472389009
12028,12029,12038,30529.124604,29845.319604,31896.734604,0.015009691888689076,458.2327539374369,TIME,2.4029682584086447,0.23412294839318246,2052.740472389009,2055.1434406474177
12042,12043,12045,31262.081166,30885.658308857142,32014.92688028571,0.02729833485998262,853.402760089424,SL,-12.140703789381371,-1.181494541865824,2055.1434406474177,2043.0027368580363
12050,12051,12052,30874.883741999998,30417.55838485714,31789.53445628571,0.022336425314591256,689.6345347998707,SL,-11.719815760524533,-1.1473127812396968,2043.0027368580363,2031.2829210975117
12089,12090,12099,30602.559287999997,30154.724645142855,31498.228573714285,0.02267893912960949,694.0335793028174,TIME,-6.884758902818275,-0.6778729670112529,2031.2829210975117,2024.3981621946934
12584,12585,12588,28132.165308,27830.582808,28735.330308,0.03356292494084858,944.1977526559484,SL,-12.18689266269104,-1.2040015536744972,2024.3981621946934,2012.2112695320025
12598,12599,12608,27577.944486,27076.24055742857,28581.35234314286,0.020053772304132123,553.04181933824,TIME,-1.5920280463767171,-0.15823666932816544,2012.2112695320025,2010.6192414856257
12609,12610,12611,27644.037701999998,27247.628416285712,28436.85627342857,0.025360395353286318,701.0637252838725,SL,-11.583234485477886,-1.1522056734042947,2010.6192414856257,1999.0360070001477
12688,12689,12692,28456.39014,28025.472282857143,29318.225854285716,0.02319509361081581,660.048633123196,TP,18.514400652845154,1.8523328832509403,1999.0360070001477,2017.5504076529928
12740,12741,12750,34066.801997999995,33440.71592657142,35318.97414085714,0.016112404505737095,548.8980940086286,TIME,6.761308698415165,0.6702492956575558,2017.5504076529928,2024.311716351408
12754,12755,12756,34615.431702,34189.29455914286,35467.70598771429,0.02375188070651276,822.181604390344,SL,-11.918049829108568,-1.1774915624743307,2024.311716351408,2012.3936665222993
12760,12761,12769,34495.157652,33958.89050914286,35567.69193771429,0.018762977494766853,647.2318667029106,TP,18.676011305639033,1.85609919334658,2012.3936665222993,2031.0696778279384
12779,12780,12789,34770.662742,33860.762742,36590.462742,0.011160949982569165,388.07362772424324,TIME,3.513898712624064,0.3460145903395977,2031.0696778279384,2034.5835765405625
12796,12797,12802,35239.49649,34699.54470428571,36319.40006142857,0.018840419000087878,663.926879223726,SL,-11.621218764743437,-1.142368285947063,2034.5835765405625,2022.962357775819
12804,12805,12813,35461.070796,34831.475796,36720.260796,0.01606558468361265,569.7028358447214,TP,18.952119777098464,1.873699696314241,2022.962357775819,2041.9144775529176
12843,12844,12845,36691.196772,36182.70105771429,37708.18820057143,0.0200779910251673,736.6855194908634,SL,-11.81788374858974,-1.157529747548741,2041.9144775529176,2030.0965938043278
12853,12854,12857,37865.77164,36912.86449714285,39771.58592571429,0.010652121820167056,403.3508123239069,SL,-11.025595536505554,-1.086213884615607,2030.0965938043278,2019.0709982678222
12873,12874,12882,36618.812298,36058.23872657143,37739.95944085714,0.018008974211202993,659.467246319565,TP,18.715789120387313,1.853901040274834,2019.0709982678222,2037.7867873882096
12903,12904,12913,37530.494598,36866.448883714285,38858.58602657142,0.015343723658996668,575.8575378971792,TIME,2.567245243743188,0.25196406804006954,2037.7867873882096,2040.3540326319528
12938,12939,12948,38059.450368,37388.32143942857,39401.70822514285,0.01520090958510067,578.5382639025944,TIME,9.399984894515047,0.9214072405257576,2040.3540326319528,2049.754017526468
13059,13060,13069,42932.814846,41977.311631714285,44843.821274571426,0.010726044595562999,460.4992866512452,TIME,8.939374649083275,0.8722387733012791,2049.754017526468,2058.6933921755513
13079,13080,13087,43764.991248,43015.806605142854,45263.36053371428,0.013739559478450977,601.3117003257825,SL,-11.603882337594786,-1.1273055406596735,2058.6933921755513,2047.0895098379565
13159,13160,13169,44153.949024,42820.480095428575,46820.886881142855,0.0076758050599313316,338.9171053343693,TIME,-1.5611148087324211,-0.1525204248500102,2047.0895098379565,2045.5283950292242
13176,13177,13181,46988.755872,45911.613372,49143.040872,0.009495161480626867,446.1658247783939,SL,-11.196846431651888,-1.0947632366151456,2045.5283950292242,2034.3315485975722
13188,13189,13189,46498.487838,44801.48962371428,49892.48426657143,0.005993911871774845,278.70783827176643,SL,-10.772555290658078,-1.059075675062353,2034.3315485975722,2023.558993306914
13192,13193,13199,47069.401997999994,45316.521283714275,50575.163426571424,0.005772095547675355,271.68908570439726,SL,-10.703317286866275,-1.0578705461287135,2023.558993306914,2012.855676020048
13336,13337,13338,43068.702017999996,42587.23308942857,44031.63987514285,0.020903276998501367,900.2770082481687,SL,-12.032632621644103,-1.1955782786608748,2012.855676020048,2000.8230433984038
13349,13350,13358,43253.538978,42541.91004942857,44676.79683514286,0.014058050221587973,608.0604232141369,TP,18.64661324012282,1.8638942910664897,2000.8230433984038,2019.4696566385267
13393,13394,13400,49709.539919999996,48466.520991428566,52195.577777142855,0.00812324579384907,403.8028110693124,TP,19.282181545654684,1.9096282513846239,2019.4696566385267,2038.7518381841815
13417,13418,13427,51652.968528,50686.562456571424,53585.780670857144,0.010548111702001381,544.8412817733058,TIME,3.8060260025190926,0.37336824730065604,2038.7518381841815,2042.5578641867005
13431,13432,13434,51849.647855999996,51122.325713142855,53304.29214171428,0.014041631237589646,728.0536349928326,SL,-11.802108402563473,-1.1556204707339148,2042.5578641867005,2030.7557557841371
13435,13436,13438,52269.271764,51259.11497828571,54289.58533542857,0.010051685958572167,525.3943050549914,SL,-11.297358667401694,-1.112626039367244,2030.7557557841371,2019.4583971167353
13472,13473,13479,55678.733519999994,54559.12494857142,57917.95066285714,0.00901859117843299,502.14373494979316,TP,19.065738721176228,1.8882031685720462,2019.4583971167353,2038.5241358379117
13522,13523,13532,67314.77026199999,63641.091333428565,74662.12811914284,0.0027744995894764075,186.76480245761766,TIME,-0.8505753122887867,-0.0834501095508656,2038.5241358379117,2037.6735605256229
13539,13540,13549,68302.297728,66568.36844228572,71770.15629942856,0.005875884262737436,401.33639632876213,TIME,2.9529063013359904,0.28983114455038433,2037.6735605256229,2040.626466826959
13551,13552,13560,71034.193998,69671.9432837143,73758.69542657143,0.007489907861406211,532.0395680542741,SL,-11.361271257765992,-1.1135081743237436,2040.626466826959,2029.2651955691929
13562,13563,13572,72071.84148599999,69819.41362885713,76576.6972002857,0.004504617515571093,324.65607953729887,SL,-10.848330859703921,-1.0691880867410284,2029.2651955691929,2018.416864709489
13651,13652,13661,69483.883998,67525.21185514286,73401.2282837143,0.005152513329171041,358.01663846226944,TIME,-2.3514527450390985,-0.23299971241347545,2018.416864709489,2016.0654119644498
13663,13664,13673,69864.50010599999,68507.02474885713,72579.45082028571,0.007425790093927582,518.7991128043373,TIME,2.690527965843252,0.2669087966963936,2016.0654119644498,2018.7559399302932
13742,13743,13745,70991.465454,69360.99009685715,74252.41616828571,0.006190697489190631,439.48668694004124,SL,-11.048451996698521,-1.0945802588776552,2018.7559399302932,2007.7074879335946
13970,13971,13974,66688.545042,65879.31647057143,68307.00218485715,0.012405070451166152,827.2760995317772,TP,18.23314444114574,1.8163148317897597,2007.7074879335946,2025.9406323747403
13989,13990,13991,69747.99681,68326.72538142857,72590.53966714285,0.007127212268001078,497.108778532732,SL,-11.211089435036392,-1.1067539942564977,2025.9406323747403,2014.7295429397038
14002,14003,14012,69118.500936,67573.72057885714,72208.06165028572,0.006521087394799737,450.7277852012034,TIME,-2.587722538302933,-0.2568803884740948,2014.7295429397038,2012.141820401401
14015,14016,14016,70387.934772,69352.43977199998,72458.924772,0.00971584517743396,683.8782766040723,SL,-11.553033696100075,-1.1483319494642148,2012.141820401401,2000.588786705301
14057,14058,14060,69629.193054,68697.09841114286,71493.3823397143,0.010731682678557761,747.2384050195662,SL,-11.634717444757126,-1.1631293269335905,2000.588786705301,1988.9540692605437
14063,14064,14073,70459.08899999999,69109.7222142857,73157.82257142858,0.007369953411917156,519.2802033761245,TIME,2.997436341181336,0.30140830173074107,1988.9540692605437,1991.951505601725
14078,14079,14082,71003.887938,70015.88079514286,72979.90222371429,0.010080653363706189,715.765581778417,SL,-11.522348937722548,-1.1568905071553837,1991.951505601725,1980.4291566640024
14329,14330,14334,64000.717584,62587.52794114286,66827.09686971428,0.0070069476049231146,448.44967478856944,TP,18.794030783018506,1.8979755695656102,1980.4291566640024,1999.223187447021
14347,14348,14350,68178.98307,66998.09628428571,70540.75664142858,0.008464923190065777,577.129854864345,SL,-11.253692852064242,-1.1258065555387085,1999.223187447021,1987.9694945949568
14352,14353,14355,68245.726416,66894.93034457143,70947.31855885715,0.007358510794647648,502.1869145207062,SL,-11.032632418539361,-1.109939810297464,1987.9694945949568,1976.9368621764174
14362,14363,14366,66381.2736,64989.28752857143,69165.24574285714,0.007101137370388799,471.3825426549634,SL,-10.909771983978258,-1.10370464456489,1976.9368621764174,1966.0270901924391
14374,14375,14384,67335.454398,65845.151898,70316.059398,0.00659606720847761,444.1491827225873,TIME,3.012058444232127,0.3064106755454016,1966.0270901924391,1969.0391486366711
14701,14702,14711,61772.331996,60024.616638857144,65267.762710285715,0.0056331803133424195,347.97468450911924,TIME,7.008315759145862,0.7118513376433678,1969.0391486366711,1976.047464395817
14724,14725,14725,63172.632,62382.73092857143,64752.434142857135,0.01250819587332658,790.1756548895786,SL,-11.60661141886619,-1.1747300232400995,1976.047464395817,1964.440852976951
14726,14727,14728,64366.8708,63370.53437142857,66359.54365714284,0.009858320927769434,634.5492694626713,SL,-11.206301067171722,-1.1409150904380227,1964.440852976951,1953.2345519097792
14733,14734,14743,63572.641986,62362.64877171429,65992.62841457143,0.008071262420520356,513.1114762347963,TIME,-4.519700408528378,-0.4627913635983176,1953.2345519097792,1948.7148515012507
14745,14746,14753,63864.840414,62736.31755685714,66121.88612828571,0.008633918396809962,551.4038205597669,TP,18.250789709756763,1.8731103419976218,1948.7148515012507,1966.9656412110076
14853,14854,14861,64633.794174,63655.35274542857,66590.67703114286,0.010051524719690542,649.6681798673516,TP,18.216916696274627,1.8522862133025326,1966.9656412110076,1985.1825579072822
14915,14916,14922,67714.75024200001,66571.5895277143,70001.07167057143,0.008682867304216689,587.958190889461,SL,-11.207394107690181,-1.1291046320198044,1985.1825579072822,1973.975163799592
15046,15047,15056,89759.188248,86288.62539085715,96700.31396228573,0.0028438833195844615,255.26465823792884,TIME,0.826526856485065,0.08374237646375758,1973.975163799592,1974.8016906560772
15062,15063,15072,90686.713716,89044.05193028571,93972.03728742857,0.006010980799061338,545.1160948768485,TIME,14.057368490039662,1.423673937140439,1974.8016906560772,1988.8590591461168
15098,15099,15101,98219.74002,96767.76680571429,101123.68644857143,0.006848814563443992,672.6887858666587,SL,-11.412144921384215,-1.1476072041307772,1988.8590591461168,1977.4469142247326
15103,15104,15107,97919.63001,96439.93036714285,100879.02929571428,0.0066819199550744385,654.2911297573248,SL,-11.314681494325372,-1.1443727174604175,1977.4469142247326,1966.1322327304072
15127,15128,15137,95663.118798,93419.04915514286,100151.25808371429,0.00438072908964432,419.0742073244989,TIME,3.376109280489305,0.34342647196224785,1966.1322327304072,1969.5083420108965
15138,15139,15148,97039.093938,95392.59000942858,100332.10179514287,0.005980879571054901,580.3791345274617,SL,-11.112444649644297,-1.1284485993390951,1969.5083420108965,1958.3958973612523
15173,15174,15183,99329.862,95294.14735714285,107401.29128571428,0.002426330985551024,241.0071219611072,TIME,0.30651339764258045,0.03130249589019027,1958.3958973612523,1958.702410758895
15185,15186,15190,99931.99240199999,98046.91454485714,103702.14811628571,0.005195282527289425,519.17493404333,SL,-10.923842817940798,-1.1154162835495138,1958.702410758895,1947.7785679409542
15214,15215,15224,100373.440674,98358.73067399999,104402.860674,0.004833893135838293,485.19448589452065,TIME,5.500707657259345,0.5648185833643586,1947.7785679409542,1953.2792755982136
15244,15245,15247,105049.335666,102670.770666,109806.465666,0.004106003568534417,431.3329471167658,SL,-10.70352487268423,-1.0959543785059775,1953.2792755982136,1942.5757507255294
15355,15356,15359,98383.282722,97310.13879342857,100529.57057914286,0.009050863071608179,890.4536204521368,TP,17.443630609127496,1.795927968586296,1942.5757507255294,1960.0193813346568
15420,15421,15426,100437.28344,98297.07058285714,104717.70915428571,0.0045790290783301905,459.9052414202513,TP,18.56497795073302,1.8943667728521514,1960.0193813346568,1978.5843592853898
15441,15442,15444,107142.07413,103448.29520142857,114529.63198714284,0.002678265805217814,286.95495344249116,SL,-10.51229577543839,-1.0626077908788425,1978.5843592853898,1968.0720635099515
15448,15449,15458,103779.00164999999,98735.46807857142,113866.06879285713,0.0019510845279775732,202.48160444827403,TIME,-3.0133791498789386,-0.30622650519257283,1968.0720635099515,1965.0586843600724
15465,15466,15475,105067.79935799999,102138.02292942857,110927.35221514285,0.0033535983585584435,352.35519946433664,TIME,-1.8501548209296306,-0.1883052995470351,1965.0586843600724,1963.2085295391428
15509,15510,15510,105485.0928,103454.22458571428,109546.82922857143,0.004833421774316437,509.8539444053101,SL,-10.925842066629821,-1.1130597592905354,1963.2085295391428,1952.2826874725129
15986,15987,15995,87223.001112,86247.31325485714,89174.3768262857,0.010004647865504129,872.635411898035,TP,17.579780007947534,1.8009461560822295,1952.2826874725129,1969.8624674804605
16026,16027,16028,94452.37669800001,93259.69134085716,96837.74741228571,0.008258097811309524,779.9969652827365,SL,-11.553332456688853,-1.1730090447853516,1969.8624674804605,1958.3091350237717
16029,16030,16031,94711.42849800001,93612.6002837143,96909.08492657144,0.008910897579640146,843.963838967089,SL,-11.636349431577514,-1.188407818098266,1958.3091350237717,1946.672785592194
16033,16034,16043,95030.182236,93586.45580742856,97917.63509314286,0.0067418340035460544,640.677713961843,SL,-11.131048673093522,-1.1435972964205552,1946.672785592194,1935.5417369191005
16048,16049,16058,96199.246002,94719.95028771428,99157.83743057142,0.006542105537883228,629.3456200098751,TIME,-0.4810474347481284,-0.04970674882101337,1935.5417369191005,1935.0606894843522
16084,16085,16091,97066.839486,95535.80020028571,100128.91805742857,0.006319435129914313,613.4075953975821,TP,17.978016008335498,1.8581345904066928,1935.0606894843522,1953.0387054926878
16120,16121,16130,103749.94584,101589.27084,108071.29584,0.004519510582324238,468.89897813944657,TIME,-5.528941422921738,-0.566188617498696,1953.0387054926878,1947.509764069766
16136,16137,16146,104044.294698,102358.78005514285,107415.32398371428,0.005777196218148881,601.0843058492533,TIME,-6.432958140622032,-0.6606342375587271,1947.509764069766,1941.076805929144
16149,16150,16153,103940.173878,102894.00316371428,106032.51530657143,0.009277055739676491,964.2587866578724,TP,17.266302540883903,1.779043723374868,1941.076805929144,1958.343108470028
16164,16165,16174,107047.875294,104377.8935082857,112387.83886542857,0.00366733420982144,392.5803351543855,TIME,13.546731596126651,1.3834890870282837,1958.343108470028,1971.8898400661546
16186,16187,16192,109230.411714,107046.07957114287,113599.07599971429,0.004513713371188349,493.03476989389026,SL,-10.93219771999279,-1.1088041023251103,1971.8898400661546,1960.957642346162
16197,16198,16202,110116.638924,108317.38249542857,113715.15178114285,0.00544935566494855,600.0647301255933,SL,-11.113046820164692,-1.1334305831174032,1960.957642346162,1949.8445955259972
16205,16206,16210,110162.138022,108297.25980771429,113891.89445057143,0.005227806782741646,575.9063723527329,SL,-11.004404697802958,-1.1287468471131537,1949.8445955259972,1938.8401908281942
16284,16285,16294,108587.573172,107442.98210057143,110876.75531485715,0.00846957590018728,919.6906927973941,TIME,3.5982874404630154,0.3711793738839272,1938.8401908281942,1942.4384782686573
16394,16395,16404,107321.590026,105982.47359742857,109999.82288314287,0.007252687058513826,778.3699070806967,TIME,-1.0949258839877323,-0.11273725229780933,1942.4384782686573,1941.3435523846695
16406,16407,16407,108525.44074800001,107744.683248,110086.95574800001,0.012432436143006426,1349.2356119911376,SL,-12.663120141210824,-1.3045728176917424,1941.3435523846695,1928.6804322434587
16422,16423,16432,109698.075228,108244.30201371429,112605.62165657143,0.0066333607377375,727.6669052227899,TIME,-6.967795719387873,-0.722545384180921,1928.6804322434587,1921.7126365240708
16441,16442,16451,108219.759624,107325.31176685714,110008.65533828571,0.010742452012030175,1162.5455745142606,TIME,-1.775929631326014,-0.1848278038633555,1921.7126365240708,1919.9367068927447
16462,16463,16464,109080.08165400001,107958.45022542858,111323.34451114286,0.008558679161380511,933.5814217737744,TP,17.12263925670023,1.7836670547761726,1919.9367068927447,1937.059346149445
16504,16505,16514,118792.813812,116212.18595485714,123954.0695262857,0.0037530776488905702,445.8386543666362,TIME,4.380741269523504,0.45230842082682665,1937.059346149445,1941.4400874189685
16520,16521,16530,118346.194506,116147.51057742858,122743.56236314286,0.004415004954078139,522.499035040285,TIME,-1.9924611905813476,-0.20525600594043658,1941.4400874189685,1939.4476262283872
16549,16550,16556,118779.7512,116612.69048571428,123113.87262857144,0.004474834538421432,531.5197331348645,SL,-10.854840493782278,-1.1193744390913523,1939.4476262283872,1928.5927857346048
16580,16581,16583,118788.60297,117591.1647557143,121183.47939857144,0.008052994980141986,956.6040234154895,SL,-11.735731831260763,-1.2170253791331693,1928.5927857346048,1916.857053903344
16655,16656,16658,118838.76299999999,117493.0487142857,121530.19157142857,0.007122080348897767,846.379218649619,TP,17.2837070829153,1.8033381307928054,1916.857053903344,1934.1407609862592
16667,16668,16676,119956.9866,118065.28195714286,123740.3958857143,0.005112163699257567,613.2397523688464,TP,17.969196981751352,1.858106436119828,1934.1407609862592,1952.1099579680106
16869,16870,16870,115829.781324,114929.59275257142,117630.15846685714,0.010842783500739575,1255.91724183414,SL,-12.511605830788865,-1.2818546188671092,1952.1099579680106,1939.5983521372218
16872,16873,16882,115330.841556,114275.869056,117440.786556,0.009192648870644598,1060.1959303802544,TIME,6.181790680214389,0.6374299785729084,1939.5983521372218,1945.7801428174362
16885,16886,16895,116470.88952,114996.07237714286,119420.52380571429,0.006596682687888698,768.3215005395812,TIME,-5.5568348557158895,-0.5711678039503214,1945.7801428174362,1940.2233079617204
16905,16906,16910,115839.14319599999,115051.37319599999,117414.683196,0.0123146559780248,1426.5191972478922,SL,-12.827534070290012,-1.3222739895611122,1940.2233079617204,1927.3957738914303
17008,17009,17015,122908.71682799999,120875.12182799999,126975.90682799999,0.0047388879641507495,582.4506388654219,SL,-10.906691337585725,-1.131754202777462,1927.3957738914303,1916.4890825538446
17589,17590,17593,91960.378398,90669.27911228572,94542.57696942857,0.0074219275920889855,682.5232698110601,TP,17.640482100595655,1.8409165239896468,1916.4890825538446,1934.1295646544402
17611,17612,17621,95570.050188,93959.60947371428,98790.93161657143,0.006004969780934447,573.8952633413285,TIME,-3.9660684651281306,-0.4101140417484622,1934.1295646544402,1930.1634961893121
17622,17623,17623,95400.066198,94637.706198,96924.786198,0.01265913411111097,1207.6822322093465,SL,-12.29589780454698,-1.2740783699228126,1930.1634961893121,1917.8675983847652
