period,breakout_lookback,initial_stop_atr,trail_atr,fee_rate,slippage_rate,initial_equity,final_equity,return_pct,trades,win_rate_pct,profit_factor,avg_r,max_drawdown_pct,max_consecutive_losses,total_fees_est
DEV_BASE_COST,15,1.5,2.5,0.001,0.0002,2000.0,2571.4343225132416,28.57171612566207,103,39.80582524271845,2.033610981793397,0.5009148724423581,4.782152797931557,8,95.1904060411176
DEV_BASE_COST,15,1.5,3.0,0.001,0.0002,2000.0,2534.6161446050114,26.730807230250562,103,37.86407766990291,1.906003105452292,0.47298280579879415,5.120222615956754,9,94.09407089903586
DEV_BASE_COST,15,1.5,3.5,0.001,0.0002,2000.0,2618.6039338556047,30.930196692780232,102,40.19607843137255,2.0223193461216984,0.5439870189199825,5.292500697009699,9,96.5600081889634
DEV_BASE_COST,15,2.0,2.5,0.001,0.0002,2000.0,2444.7510646782184,22.237553233910923,99,41.41414141414141,2.056746450553835,0.4139106591866333,3.5551991558757363,7,67.66054596760753
DEV_BASE_COST,15,2.0,3.0,0.001,0.0002,2000.0,2416.9445247264503,20.847226236322513,99,39.39393939393939,1.9149547971272942,0.3909669156587105,3.9619322665482746,8,67.05042419452846
DEV_BASE_COST,15,2.0,3.5,0.001,0.0002,2000.0,2417.627344072088,20.881367203604405,98,41.83673469387755,1.9240601353798341,0.3954355809269943,4.029884638431756,8,66.8474260685089
DEV_BASE_COST,15,2.5,2.5,0.001,0.0002,2000.0,2351.453815215486,17.5726907607743,98,42.857142857142854,2.053021227323766,0.33580405757213344,3.1246391234245006,7,52.6122427366092
DEV_BASE_COST,15,2.5,3.0,0.001,0.0002,2000.0,2329.1431552112235,16.45715776056118,98,40.816326530612244,1.9093787418157468,0.31646269891568407,3.451977513242075,8,52.187257904373105
DEV_BASE_COST,15,2.5,3.5,0.001,0.0002,2000.0,2339.073750341134,16.953687517056704,97,43.29896907216495,1.9651453538823787,0.328405483861446,3.462072638528079,8,52.1488267946899
DEV_BASE_COST,20,1.5,2.5,0.001,0.0002,2000.0,2524.3381229852257,26.216906149261288,94,40.42553191489361,2.0099664113257285,0.5095046936217141,4.290577344468198,7,88.22025060546305
DEV_BASE_COST,20,1.5,3.0,0.001,0.0002,2000.0,2509.6960854542563,25.4848042727128,94,38.297872340425535,1.924325063626928,0.4972683714487057,4.524268510573783,8,87.64747678272177
DEV_BASE_COST,20,1.5,3.5,0.001,0.0002,2000.0,2599.7082945276566,29.98541472638283,93,40.86021505376344,2.0628714142690003,0.5810757232650834,4.6976286960803915,8,90.07732247829584
DEV_BASE_COST,20,2.0,2.5,0.001,0.0002,2000.0,2405.505465764008,20.275273288200403,90,42.22222222222222,2.015142283055332,0.41933177764292284,3.0788155403787965,6,62.36213567922231
DEV_BASE_COST,20,2.0,3.0,0.001,0.0002,2000.0,2390.9466120552847,19.547330602764234,90,40.0,1.9045441382929307,0.4060727485763739,3.4822373827139423,7,61.9932426596633
DEV_BASE_COST,20,2.0,3.5,0.001,0.0002,2000.0,2392.628141994053,19.631407099702635,89,42.69662921348314,1.9127510638802416,0.41211829929615085,3.7131496734130556,7,61.776449578483025
DEV_BASE_COST,20,2.5,2.5,0.001,0.0002,2000.0,2325.12230688124,16.256115344061996,89,43.82022471910113,2.037122350702602,0.3444347714283413,2.6445307331274117,6,48.49733508755462
DEV_BASE_COST,20,2.5,3.0,0.001,0.0002,2000.0,2310.41814033392,15.520907016695995,89,41.57303370786517,1.9072163225256265,0.33034724941835386,2.9714922909419497,7,48.20018389887009
DEV_BASE_COST,20,2.5,3.5,0.001,0.0002,2000.0,2324.1836712191766,16.20918356095884,88,44.31818181818182,1.9813505688908044,0.3474961959037697,2.984642841318596,7,48.19364874688243
DEV_BASE_COST,25,1.5,2.5,0.001,0.0002,2000.0,2566.579500376692,28.3289750188346,83,43.373493975903614,2.2386868184553035,0.6166051926088489,4.134741343950206,7,81.15586973537687
DEV_BASE_COST,25,1.5,3.0,0.001,0.0002,2000.0,2553.3037940796903,27.665189703984506,83,39.75903614457831,2.1285838046770773,0.6042723101338631,4.504338363033187,7,80.61032210111662
DEV_BASE_COST,25,1.5,3.5,0.001,0.0002,2000.0,2638.765402718325,31.938270135916234,82,42.68292682926829,2.2591319295244783,0.6950032070706962,4.504338363033218,7,82.68589330179819
DEV_BASE_COST,25,2.0,2.5,0.001,0.0002,2000.0,2442.8456742916587,22.142283714582934,79,45.56962025316456,2.276907731111694,0.5164384003645138,2.942445834508358,6,57.04112280888879
DEV_BASE_COST,25,2.0,3.0,0.001,0.0002,2000.0,2432.1606582314666,21.60803291157334,79,41.77215189873418,2.1438773357272054,0.5055915017243177,3.3620177397456597,6,56.74097748004231
DEV_BASE_COST,25,2.0,3.5,0.001,0.0002,2000.0,2427.0112143206206,21.35056071603103,78,44.871794871794876,2.116997490034306,0.5065543013698318,3.5667591576902637,6,56.39167306314208
DEV_BASE_COST,25,2.5,2.5,0.001,0.0002,2000.0,2328.7094862416398,16.435474312081986,79,45.56962025316456,2.1349111029600647,0.39180293993569215,2.589387364426328,6,44.588238148849875
DEV_BASE_COST,25,2.5,3.0,0.001,0.0002,2000.0,2315.8674929536087,15.793374647680425,79,41.77215189873418,1.9937776088552235,0.3779904184009422,2.9902187648311496,6,44.329248112673824
DEV_BASE_COST,25,2.5,3.5,0.001,0.0002,2000.0,2319.1902985550128,15.959514927750629,78,44.871794871794876,2.011500749302242,0.38643169574775893,3.134010749082494,6,44.16534505784442
DEV_BASE_COST,30,1.5,2.5,0.001,0.0002,2000.0,2635.2558439561008,31.762792197805044,78,46.15384615384615,2.5875796231346473,0.7236589717820997,3.6070482156942902,6,76.4737498016766
DEV_BASE_COST,30,1.5,3.0,0.001,0.0002,2000.0,2621.624907296364,31.0812453648182,78,42.30769230769231,2.4328082818972745,0.7105355199176917,3.9786796924101004,6,75.95630269180002
DEV_BASE_COST,30,1.5,3.5,0.001,0.0002,2000.0,2709.3732913093263,35.46866456546631,77,45.45454545454545,2.5793772485427313,0.808538075224239,3.978679692410066,6,77.86666275427078
DEV_BASE_COST,30,2.0,2.5,0.001,0.0002,2000.0,2478.950107549923,23.94750537749615,75,48.0,2.56202402286513,0.5828724719779221,2.419973413131906,5,54.20988663063338
DEV_BASE_COST,30,2.0,3.0,0.001,0.0002,2000.0,2468.1840041343658,23.409200206718282,75,44.0,2.384879997878314,0.5715296445679202,2.841803924112458,5,53.924259621716395
DEV_BASE_COST,30,2.0,3.5,0.001,0.0002,2000.0,2462.958290508941,23.147914525447042,74,47.2972972972973,2.3508961007005897,0.5734355434218893,3.04764748959534,5,53.57458425007779
DEV_BASE_COST,30,2.5,2.5,0.001,0.0002,2000.0,2357.139532727523,17.856976636376153,75,48.0,2.3888609646649943,0.44490321560671675,2.136121835370293,5,42.306069157026265
DEV_BASE_COST,30,2.5,3.0,0.001,0.0002,2000.0,2346.5335404861653,17.326677024308257,75,44.0,2.2212124422760886,0.43306069851061485,2.475068905139385,5,42.0898204032874
DEV_BASE_COST,30,2.5,3.5,0.001,0.0002,2000.0,2350.3053543857063,17.515267719285312,74,47.2972972972973,2.246135661177464,0.44316580232985286,2.6196244662133603,5,41.92272355350398
DEV_2X_COST,15,1.5,2.5,0.002,0.0004,2000.0,2445.297337135707,22.264866856785346,103,37.86407766990291,1.7376594396225258,0.4029111268663807,5.347110220697593,8,185.5505500711813
DEV_2X_COST,15,1.5,3.0,0.002,0.0004,2000.0,2410.6666561624174,20.533332808120864,103,33.980582524271846,1.6390765175700677,0.37529796094924134,5.718569410463688,9,183.43913262537325
DEV_2X_COST,15,1.5,3.5,0.002,0.0004,2000.0,2491.185094161051,24.559254708052556,102,34.31372549019608,1.747325309079196,0.4458143342390843,5.889635013021839,9,188.2507307855357
DEV_2X_COST,15,2.0,2.5,0.002,0.0004,2000.0,2355.425187898621,17.77125939493105,99,40.4040404040404,1.774238514356611,0.3385104304939452,3.945090960542916,7,132.80356335480445
DEV_2X_COST,15,2.0,3.0,0.002,0.0004,2000.0,2328.86752423961,16.443376211980485,99,36.36363636363637,1.6638102678683622,0.3157761829036169,4.3812020640219265,8,131.6156003480973
DEV_2X_COST,15,2.0,3.5,0.002,0.0004,2000.0,2330.1268955958785,16.506344779793935,98,36.734693877551024,1.6731637819446852,0.32000516510457233,4.445540383651998,8,131.23752193112804
DEV_2X_COST,15,2.5,2.5,0.002,0.0004,2000.0,2283.628424878727,14.181421243936354,98,41.83673469387755,1.7808286144990193,0.27593677844275205,3.4400400364027055,7,103.68230444620444
DEV_2X_COST,15,2.5,3.0,0.002,0.0004,2000.0,2261.925449228645,13.096272461432257,98,37.755102040816325,1.666507538670672,0.2565689146067288,3.7947480235553095,8,102.84549200170628
DEV_2X_COST,15,2.5,3.5,0.002,0.0004,2000.0,2271.9183463217555,13.59591731608778,97,38.144329896907216,1.712555822324651,0.2682095740761217,3.804805795672176,8,102.77643883421571
DEV_2X_COST,20,1.5,2.5,0.002,0.0004,2000.0,2409.9647105525687,20.498235527628438,94,38.297872340425535,1.7238140770882413,0.41049336095686245,4.780979654185148,7,172.32410966329113
DEV_2X_COST,20,1.5,3.0,0.002,0.0004,2000.0,2396.2545720323437,19.81272860161718,94,34.04255319148936,1.6593716902177091,0.3985021817707893,5.053173688013883,8,171.21486201733782
DEV_2X_COST,20,1.5,3.5,0.002,0.0004,2000.0,2482.7202929951522,24.13601464975761,93,34.40860215053764,1.7867320810032563,0.4816624389159307,5.225446594274234,8,175.96200391758745
DEV_2X_COST,20,2.0,2.5,0.002,0.0004,2000.0,2324.4316163821663,16.22158081910832,90,41.11111111111111,1.7465580060328718,0.3429292347016358,3.414806648035894,6,122.5930941288394
DEV_2X_COST,20,2.0,3.0,0.002,0.0004,2000.0,2310.6848278354278,15.534241391771397,90,36.666666666666664,1.6624103319842114,0.329983855759067,3.845057943936007,7,121.87723265150701
DEV_2X_COST,20,2.0,3.5,0.002,0.0004,2000.0,2312.9059783861517,15.645298919307592,89,37.07865168539326,1.6719076375590765,0.33575424698532125,4.07163784398658,7,121.46964163164031
DEV_2X_COST,20,2.5,2.5,0.002,0.0004,2000.0,2263.366920582332,13.168346029116606,89,42.69662921348314,1.7735915912073474,0.2837979006851509,2.9167181746139725,6,95.68950196873395
DEV_2X_COST,20,2.5,3.0,0.002,0.0004,2000.0,2249.0145694992375,12.45072847496187,89,38.20224719101123,1.6715769132029632,0.2696766002199283,3.2713569419613466,7,95.10265970530922
DEV_2X_COST,20,2.5,3.5,0.002,0.0004,2000.0,2262.7581199423125,13.137905997115617,88,38.63636363636363,1.7334533474257563,0.2864790984511881,3.284463365446313,7,95.09554183150327
DEV_2X_COST,25,1.5,2.5,0.002,0.0004,2000.0,2461.039356312124,23.05196781560619,83,42.168674698795186,1.9227126563550025,0.5150060699254047,4.631753565983422,7,158.88138579599524
DEV_2X_COST,25,1.5,3.0,0.002,0.0004,2000.0,2448.6841990772105,22.434209953860517,83,37.34939759036144,1.838540079975333,0.503046891263784,4.990968955979391,7,157.82838890432524
DEV_2X_COST,25,1.5,3.5,0.002,0.0004,2000.0,2531.1783683450126,26.55891841725062,82,39.02439024390244,1.9645140464182105,0.5930206508718044,4.990968955979355,7,161.89394963036264
DEV_2X_COST,25,2.0,2.5,0.002,0.0004,2000.0,2368.2439879396975,18.412199396984885,79,45.56962025316456,1.9745277863041562,0.4376672410766675,3.2803702204436203,6,112.32116034760972
DEV_2X_COST,25,2.0,3.0,0.002,0.0004,2000.0,2358.111703817318,17.905585190865892,79,40.50632911392405,1.8714853052546285,0.4270670978674006,3.6961080516609983,6,111.73544966376141
DEV_2X_COST,25,2.0,3.5,0.002,0.0004,2000.0,2353.802133116329,17.69010665581645,78,42.30769230769231,1.856129621888332,0.42777150295369865,3.8937497484766372,6,111.06731284583451
DEV_2X_COST,25,2.5,2.5,0.002,0.0004,2000.0,2272.2756348029193,13.613781740145958,79,45.56962025316456,1.8673481285086777,0.3295354437457875,2.8629797184893016,6,88.08476193391016
DEV_2X_COST,25,2.5,3.0,0.002,0.0004,2000.0,2259.7637351359813,12.98818675679907,79,40.50632911392405,1.7553649852410613,0.3157485675611186,3.261663917168906,6,87.57430607392902
DEV_2X_COST,25,2.5,3.5,0.002,0.0004,2000.0,2263.358649557318,13.167932477865897,78,42.30769230769231,1.774146028406917,0.3237926667575935,3.4049330109766496,6,87.25663086446706
DEV_2X_COST,30,1.5,2.5,0.002,0.0004,2000.0,2533.656076119525,26.682803805976253,78,44.871794871794876,2.2163645805878076,0.622363827432592,4.0610224245199396,6,149.9111238815394
DEV_2X_COST,30,1.5,3.0,0.002,0.0004,2000.0,2520.9363611261992,26.046818056309974,78,39.743589743589745,2.0964097641863915,0.6096380347542008,4.42238753853021,6,148.9115947149157
DEV_2X_COST,30,1.5,3.5,0.002,0.0004,2000.0,2605.864646679098,30.29323233395489,77,41.55844155844156,2.2393273647608845,0.7068385468496305,4.422387538530228,6,152.65880318128237
DEV_2X_COST,30,2.0,2.5,0.002,0.0004,2000.0,2407.4118997550377,20.37059498775189,75,48.0,2.215293452529023,0.504502318020674,2.7250592851898854,5,106.83347865208633
DEV_2X_COST,30,2.0,3.0,0.002,0.0004,2000.0,2397.113464232219,19.85567321161095,75,42.66666666666667,2.0764958245142418,0.49333840946305535,3.1431840544507863,5,106.27484300955972
DEV_2X_COST,30,2.0,3.5,0.002,0.0004,2000.0,2392.732615803507,19.636630790175346,74,44.5945945945946,2.057554313078947,0.49497644876477037,3.341960501221046,5,105.60451651665431
DEV_2X_COST,30,2.5,2.5,0.002,0.0004,2000.0,2303.2635206526443,15.163176032632219,75,48.0,2.085812411030031,0.38306488284556584,2.3806608053294465,5,83.63304751475206
DEV_2X_COST,30,2.5,3.0,0.002,0.0004,2000.0,2292.8567523173547,14.642837615867732,75,42.66666666666667,1.9513813178022172,0.37117642827328284,2.72034739076347,5,83.2048247996082
DEV_2X_COST,30,2.5,3.5,0.002,0.0004,2000.0,2296.899760046594,14.844988002329696,74,44.5945945945946,1.9774657811710386,0.38086716061582365,2.864418172209648,5,82.88031826677201
OOS_AUDIT_BASE_COST,15,1.5,2.5,0.001,0.0002,2000.0,2095.4794923709155,4.773974618545784,11,54.54545454545454,2.814931634051793,0.8631707381292163,1.6269874448527222,3,15.027235170046572
OOS_AUDIT_BASE_COST,15,1.5,3.0,0.001,0.0002,2000.0,2090.047491352966,4.502374567648304,11,54.54545454545454,2.7152727231912936,0.8150563607720788,1.6269874448527208,3,14.994900362098523
OOS_AUDIT_BASE_COST,15,1.5,3.5,0.001,0.0002,2000.0,2088.5610012356456,4.428050061782285,11,54.54545454545454,2.6877327678237273,0.802477267969099,1.6269874448527055,3,14.989252040617172
OOS_AUDIT_BASE_COST,15,2.0,2.5,0.001,0.0002,2000.0,2068.938929353891,3.446946467694567,11,54.54545454545454,2.6552628691734923,0.6248967240818999,1.220799755441532,3,11.187159456254037
OOS_AUDIT_BASE_COST,15,2.0,3.0,0.001,0.0002,2000.0,2064.51092282141,3.225546141070512,11,54.54545454545454,2.5372058369494086,0.5854385581514312,1.239219840365124,3,11.166837841617987
OOS_AUDIT_BASE_COST,15,2.0,3.5,0.001,0.0002,2000.0,2063.4170012267796,3.17085006133897,11,54.54545454545454,2.5116266110971197,0.5760042385491961,1.2392198403651211,3,11.163449790140046
OOS_AUDIT_BASE_COST,15,2.5,2.5,0.001,0.0002,2000.0,2059.5572014440277,2.977860072201377,11,54.54545454545454,3.0623219170913316,0.5390007433599362,0.9774201642774066,3,8.936177764472852
OOS_AUDIT_BASE_COST,15,2.5,3.0,0.001,0.0002,2000.0,2058.0075686786668,2.900378433933337,11,54.54545454545454,3.1293982132724643,0.5250207677404727,1.0718001955885148,3,8.932588556809641
OOS_AUDIT_BASE_COST,15,2.5,3.5,0.001,0.0002,2000.0,2056.728989631021,2.83644948155104,11,54.54545454545454,3.0526404970665304,0.5138707192680848,1.0915050098734649,3,8.92912505597587
OOS_AUDIT_BASE_COST,20,1.5,2.5,0.001,0.0002,2000.0,2095.4794923709155,4.773974618545784,11,54.54545454545454,2.814931634051793,0.8631707381292163,1.6269874448527222,3,15.027235170046572
OOS_AUDIT_BASE_COST,20,1.5,3.0,0.001,0.0002,2000.0,2090.047491352966,4.502374567648304,11,54.54545454545454,2.7152727231912936,0.8150563607720788,1.6269874448527208,3,14.994900362098523
OOS_AUDIT_BASE_COST,20,1.5,3.5,0.001,0.0002,2000.0,2088.5610012356456,4.428050061782285,11,54.54545454545454,2.6877327678237273,0.802477267969099,1.6269874448527055,3,14.989252040617172
OOS_AUDIT_BASE_COST,20,2.0,2.5,0.001,0.0002,2000.0,2068.938929353891,3.446946467694567,11,54.54545454545454,2.6552628691734923,0.6248967240818999,1.220799755441532,3,11.187159456254037
OOS_AUDIT_BASE_COST,20,2.0,3.0,0.001,0.0002,2000.0,2064.51092282141,3.225546141070512,11,54.54545454545454,2.5372058369494086,0.5854385581514312,1.239219840365124,3,11.166837841617987
OOS_AUDIT_BASE_COST,20,2.0,3.5,0.001,0.0002,2000.0,2063.4170012267796,3.17085006133897,11,54.54545454545454,2.5116266110971197,0.5760042385491961,1.2392198403651211,3,11.163449790140046
OOS_AUDIT_BASE_COST,20,2.5,2.5,0.001,0.0002,2000.0,2059.5572014440277,2.977860072201377,11,54.54545454545454,3.0623219170913316,0.5390007433599362,0.9774201642774066,3,8.936177764472852
OOS_AUDIT_BASE_COST,20,2.5,3.0,0.001,0.0002,2000.0,2058.0075686786668,2.900378433933337,11,54.54545454545454,3.1293982132724643,0.5250207677404727,1.0718001955885148,3,8.932588556809641
OOS_AUDIT_BASE_COST,20,2.5,3.5,0.001,0.0002,2000.0,2056.728989631021,2.83644948155104,11,54.54545454545454,3.0526404970665304,0.5138707192680848,1.0915050098734649,3,8.92912505597587
OOS_AUDIT_BASE_COST,25,1.5,2.5,0.001,0.0002,2000.0,2069.407461108436,3.470373055421816,11,54.54545454545454,2.333641420358744,0.6320241640075722,1.6269874448527202,3,14.807255745101063
OOS_AUDIT_BASE_COST,25,1.5,3.0,0.001,0.0002,2000.0,2064.0430452426544,3.202152262132718,11,54.54545454545454,2.233146576315194,0.5839097866504347,1.6269874448527246,3,14.775323247997267
OOS_AUDIT_BASE_COST,25,1.5,3.5,0.001,0.0002,2000.0,2062.575050088874,3.128752504443688,11,54.54545454545454,2.205433306766447,0.5713306938474547,1.6269874448527317,3,14.769745203135074
OOS_AUDIT_BASE_COST,25,2.0,2.5,0.001,0.0002,2000.0,2049.529122060016,2.4764561030008014,11,54.54545454545454,2.198999864806069,0.45153679349066683,1.2207997554415144,3,11.049684496256429
OOS_AUDIT_BASE_COST,25,2.0,3.0,0.001,0.0002,2000.0,2045.1426569922298,2.2571328496114873,11,54.54545454545454,2.08454112265267,0.412078627560198,1.239219840365125,3,11.029553529405282
OOS_AUDIT_BASE_COST,25,2.0,3.5,0.001,0.0002,2000.0,2044.0589980530335,2.202949902651685,11,54.54545454545454,2.0588474814425712,0.4026443079579631,1.239219840365129,3,11.026197263025177
OOS_AUDIT_BASE_COST,25,2.5,2.5,0.001,0.0002,2000.0,2044.0499126289906,2.202495631449519,11,54.54545454545454,2.5351569630856163,0.4003127988869497,0.9774201642774066,3,8.839114820762035
OOS_AUDIT_BASE_COST,25,2.5,3.0,0.001,0.0002,2000.0,2042.5119477128317,2.1255973856415755,11,54.54545454545454,2.570503622046951,0.38633282326748614,1.0718001955885146,3,8.835552637781515
OOS_AUDIT_BASE_COST,25,2.5,3.5,0.001,0.0002,2000.0,2041.242995634785,2.062149781739264,11,54.54545454545454,2.501831817466893,0.3751827747950982,1.091505009873446,3,8.832115215129841
OOS_AUDIT_BASE_COST,30,1.5,2.5,0.001,0.0002,2000.0,2069.407461108436,3.470373055421816,11,54.54545454545454,2.333641420358744,0.6320241640075722,1.6269874448527202,3,14.807255745101063
OOS_AUDIT_BASE_COST,30,1.5,3.0,0.001,0.0002,2000.0,2064.0430452426544,3.202152262132718,11,54.54545454545454,2.233146576315194,0.5839097866504347,1.6269874448527246,3,14.775323247997267
OOS_AUDIT_BASE_COST,30,1.5,3.5,0.001,0.0002,2000.0,2062.575050088874,3.128752504443688,11,54.54545454545454,2.205433306766447,0.5713306938474547,1.6269874448527317,3,14.769745203135074
OOS_AUDIT_BASE_COST,30,2.0,2.5,0.001,0.0002,2000.0,2049.529122060016,2.4764561030008014,11,54.54545454545454,2.198999864806069,0.45153679349066683,1.2207997554415144,3,11.049684496256429
OOS_AUDIT_BASE_COST,30,2.0,3.0,0.001,0.0002,2000.0,2045.1426569922298,2.2571328496114873,11,54.54545454545454,2.08454112265267,0.412078627560198,1.239219840365125,3,11.029553529405282
OOS_AUDIT_BASE_COST,30,2.0,3.5,0.001,0.0002,2000.0,2044.0589980530335,2.202949902651685,11,54.54545454545454,2.0588474814425712,0.4026443079579631,1.239219840365129,3,11.026197263025177
OOS_AUDIT_BASE_COST,30,2.5,2.5,0.001,0.0002,2000.0,2044.0499126289906,2.202495631449519,11,54.54545454545454,2.5351569630856163,0.4003127988869497,0.9774201642774066,3,8.839114820762035
OOS_AUDIT_BASE_COST,30,2.5,3.0,0.001,0.0002,2000.0,2042.5119477128317,2.1255973856415755,11,54.54545454545454,2.570503622046951,0.38633282326748614,1.0718001955885146,3,8.835552637781515
OOS_AUDIT_BASE_COST,30,2.5,3.5,0.001,0.0002,2000.0,2041.242995634785,2.062149781739264,11,54.54545454545454,2.501831817466893,0.3751827747950982,1.091505009873446,3,8.832115215129841
